Sum of Profit,Year,Quarter,Month,Day,forecastValue,confidenceHighBound,confidenceLowBound,,,,,,
28.2668,2019,Qtr 1,January,1,No forecast,No forecast,No forecast,,,,,,
105.541,2019,Qtr 1,January,2,No forecast,No forecast,No forecast,,,,,,
386.486,2019,Qtr 1,January,3,No forecast,No forecast,No forecast,,,,,,
40.402,2019,Qtr 1,January,4,No forecast,No forecast,No forecast,,,,,,
46.4568,2019,Qtr 1,January,5,No forecast,No forecast,No forecast,,,,,,
8.1391,2019,Qtr 1,January,7,No forecast,No forecast,No forecast,,,,,,
449.1403,2019,Qtr 1,January,8,No forecast,No forecast,No forecast,,,,,,
264.498,2019,Qtr 1,January,9,No forecast,No forecast,No forecast,,,,,,
55.3653,2019,Qtr 1,January,10,No forecast,No forecast,No forecast,,,,,,
25.0834,2019,Qtr 1,January,11,No forecast,No forecast,No forecast,,,,,,
64.046,2019,Qtr 1,January,14,No forecast,No forecast,No forecast,,,,,,
196.1224,2019,Qtr 1,January,15,No forecast,No forecast,No forecast,,,,,,
15.9965,2019,Qtr 1,January,16,No forecast,No forecast,No forecast,,,,,,
176.2682,2019,Qtr 1,January,17,No forecast,No forecast,No forecast,,,,,,
70.2528,2019,Qtr 1,January,21,No forecast,No forecast,No forecast,,,,,,
23.5309,2019,Qtr 1,January,22,No forecast,No forecast,No forecast,,,,,,
474.0368,2019,Qtr 1,January,23,No forecast,No forecast,No forecast,,,,,,
15.68,2019,Qtr 1,January,24,No forecast,No forecast,No forecast,,,,,,
-65.8542,2019,Qtr 1,January,25,No forecast,No forecast,No forecast,,,,,,
10.3168,2019,Qtr 1,January,28,No forecast,No forecast,No forecast,,,,,,
-284.2246,2019,Qtr 1,January,30,No forecast,No forecast,No forecast,,,,,,
747.5398,2019,Qtr 1,January,31,No forecast,No forecast,No forecast,,,,,,
63.2162,2019,Qtr 1,February,1,No forecast,No forecast,No forecast,,,,,,
2753.711,2019,Qtr 1,February,2,No forecast,No forecast,No forecast,,,,,,
225.264,2019,Qtr 1,February,3,No forecast,No forecast,No forecast,,,,,,
31.1968,2019,Qtr 1,February,4,No forecast,No forecast,No forecast,,,,,,
721.2766,2019,Qtr 1,February,5,No forecast,No forecast,No forecast,,,,,,
-18.1808,2019,Qtr 1,February,6,No forecast,No forecast,No forecast,,,,,,
74.2225,2019,Qtr 1,February,7,No forecast,No forecast,No forecast,,,,,,
126.8973,2019,Qtr 1,February,8,No forecast,No forecast,No forecast,,,,,,
50.7378,2019,Qtr 1,February,9,No forecast,No forecast,No forecast,,,,,,
0.6993,2019,Qtr 1,February,11,No forecast,No forecast,No forecast,,,,,,
182.998,2019,Qtr 1,February,12,No forecast,No forecast,No forecast,,,,,,
73.41,2019,Qtr 1,February,13,No forecast,No forecast,No forecast,,,,,,
30.3747,2019,Qtr 1,February,14,No forecast,No forecast,No forecast,,,,,,
128.0602,2019,Qtr 1,February,15,No forecast,No forecast,No forecast,,,,,,
-71.0268,2019,Qtr 1,February,16,No forecast,No forecast,No forecast,,,,,,
68.4625,2019,Qtr 1,February,19,No forecast,No forecast,No forecast,,,,,,
5.5674,2019,Qtr 1,February,20,No forecast,No forecast,No forecast,,,,,,
207.6645,2019,Qtr 1,February,21,No forecast,No forecast,No forecast,,,,,,
213.2609,2019,Qtr 1,February,22,No forecast,No forecast,No forecast,,,,,,
21.591,2019,Qtr 1,February,23,No forecast,No forecast,No forecast,,,,,,
17.52,2019,Qtr 1,February,25,No forecast,No forecast,No forecast,,,,,,
71.0836,2019,Qtr 1,February,27,No forecast,No forecast,No forecast,,,,,,
26.5728,2019,Qtr 1,February,28,No forecast,No forecast,No forecast,,,,,,
2267.4251,2019,Qtr 1,March,1,No forecast,No forecast,No forecast,,,,,,
-383.7433,2019,Qtr 1,March,3,No forecast,No forecast,No forecast,,,,,,
130.2479,2019,Qtr 1,March,4,No forecast,No forecast,No forecast,,,,,,
49.5943,2019,Qtr 1,March,5,No forecast,No forecast,No forecast,,,,,,
-389.1555,2019,Qtr 1,March,6,No forecast,No forecast,No forecast,,,,,,
1.5804,2019,Qtr 1,March,7,No forecast,No forecast,No forecast,,,,,,
216.5398,2019,Qtr 1,March,8,No forecast,No forecast,No forecast,,,,,,
212.0786,2019,Qtr 1,March,9,No forecast,No forecast,No forecast,,,,,,
745.8323,2019,Qtr 1,March,10,No forecast,No forecast,No forecast,,,,,,
162.7658,2019,Qtr 1,March,11,No forecast,No forecast,No forecast,,,,,,
167.7573,2019,Qtr 1,March,12,No forecast,No forecast,No forecast,,,,,,
-543.3346,2019,Qtr 1,March,13,No forecast,No forecast,No forecast,,,,,,
6.7042,2019,Qtr 1,March,14,No forecast,No forecast,No forecast,,,,,,
61.3569,2019,Qtr 1,March,15,No forecast,No forecast,No forecast,,,,,,
708.7041,2019,Qtr 1,March,17,No forecast,No forecast,No forecast,,,,,,
-7.761,2019,Qtr 1,March,18,No forecast,No forecast,No forecast,,,,,,
-105.7262,2019,Qtr 1,March,19,No forecast,No forecast,No forecast,,,,,,
163.1951,2019,Qtr 1,March,20,No forecast,No forecast,No forecast,,,,,,
-4.161,2019,Qtr 1,March,21,No forecast,No forecast,No forecast,,,,,,
34.0216,2019,Qtr 1,March,22,No forecast,No forecast,No forecast,,,,,,
-204.0048,2019,Qtr 1,March,24,No forecast,No forecast,No forecast,,,,,,
262.4715,2019,Qtr 1,March,25,No forecast,No forecast,No forecast,,,,,,
20.5017,2019,Qtr 1,March,26,No forecast,No forecast,No forecast,,,,,,
35.8254,2019,Qtr 1,March,27,No forecast,No forecast,No forecast,,,,,,
11.6594,2019,Qtr 1,March,28,No forecast,No forecast,No forecast,,,,,,
-8.9929,2019,Qtr 1,March,29,No forecast,No forecast,No forecast,,,,,,
5.5566,2019,Qtr 1,March,30,No forecast,No forecast,No forecast,,,,,,
-4.9707,2019,Qtr 1,March,31,No forecast,No forecast,No forecast,,,,,,
485.771,2019,Qtr 2,April,1,No forecast,No forecast,No forecast,,,,,,
378.274,2019,Qtr 2,April,2,No forecast,No forecast,No forecast,,,,,,
66.833,2019,Qtr 2,April,3,No forecast,No forecast,No forecast,,,,,,
256.3547,2019,Qtr 2,April,4,No forecast,No forecast,No forecast,,,,,,
-177.3102,2019,Qtr 2,April,5,No forecast,No forecast,No forecast,,,,,,
336.635,2019,Qtr 2,April,6,No forecast,No forecast,No forecast,,,,,,
546.7635,2019,Qtr 2,April,7,No forecast,No forecast,No forecast,,,,,,
-1680.9997,2019,Qtr 2,April,8,No forecast,No forecast,No forecast,,,,,,
156.4469,2019,Qtr 2,April,9,No forecast,No forecast,No forecast,,,,,,
158.1682,2019,Qtr 2,April,10,No forecast,No forecast,No forecast,,,,,,
59.4319,2019,Qtr 2,April,12,No forecast,No forecast,No forecast,,,,,,
2.8764,2019,Qtr 2,April,13,No forecast,No forecast,No forecast,,,,,,
171.6586,2019,Qtr 2,April,14,No forecast,No forecast,No forecast,,,,,,
63.0073,2019,Qtr 2,April,15,No forecast,No forecast,No forecast,,,,,,
2434.1032,2019,Qtr 2,April,16,No forecast,No forecast,No forecast,,,,,,
57.5114,2019,Qtr 2,April,17,No forecast,No forecast,No forecast,,,,,,
-61.6424,2019,Qtr 2,April,18,No forecast,No forecast,No forecast,,,,,,
194.7754,2019,Qtr 2,April,19,No forecast,No forecast,No forecast,,,,,,
-174.7428,2019,Qtr 2,April,21,No forecast,No forecast,No forecast,,,,,,
-826.5596,2019,Qtr 2,April,22,No forecast,No forecast,No forecast,,,,,,
244.18,2019,Qtr 2,April,23,No forecast,No forecast,No forecast,,,,,,
218.484,2019,Qtr 2,April,24,No forecast,No forecast,No forecast,,,,,,
-37.9432,2019,Qtr 2,April,25,No forecast,No forecast,No forecast,,,,,,
62.7822,2019,Qtr 2,April,26,No forecast,No forecast,No forecast,,,,,,
27.9565,2019,Qtr 2,April,28,No forecast,No forecast,No forecast,,,,,,
14.9996,2019,Qtr 2,April,30,No forecast,No forecast,No forecast,,,,,,
-75.2426,2019,Qtr 2,May,1,No forecast,No forecast,No forecast,,,,,,
58.1074,2019,Qtr 2,May,2,No forecast,No forecast,No forecast,,,,,,
-309.4466,2019,Qtr 2,May,3,No forecast,No forecast,No forecast,,,,,,
449.3112,2019,Qtr 2,May,5,No forecast,No forecast,No forecast,,,,,,
49.6633,2019,Qtr 2,May,6,No forecast,No forecast,No forecast,,,,,,
1322.131,2019,Qtr 2,May,7,No forecast,No forecast,No forecast,,,,,,
154.6985,2019,Qtr 2,May,8,No forecast,No forecast,No forecast,,,,,,
9.5086,2019,Qtr 2,May,9,No forecast,No forecast,No forecast,,,,,,
-115.7508,2019,Qtr 2,May,10,No forecast,No forecast,No forecast,,,,,,
2.691,2019,Qtr 2,May,11,No forecast,No forecast,No forecast,,,,,,
367.1883,2019,Qtr 2,May,12,No forecast,No forecast,No forecast,,,,,,
40.8575,2019,Qtr 2,May,14,No forecast,No forecast,No forecast,,,,,,
273.3048,2019,Qtr 2,May,15,No forecast,No forecast,No forecast,,,,,,
41.601,2019,Qtr 2,May,16,No forecast,No forecast,No forecast,,,,,,
16.3809,2019,Qtr 2,May,17,No forecast,No forecast,No forecast,,,,,,
34.8606,2019,Qtr 2,May,18,No forecast,No forecast,No forecast,,,,,,
325.799,2019,Qtr 2,May,19,No forecast,No forecast,No forecast,,,,,,
328.2993,2019,Qtr 2,May,20,No forecast,No forecast,No forecast,,,,,,
271.2109,2019,Qtr 2,May,21,No forecast,No forecast,No forecast,,,,,,
386.2747,2019,Qtr 2,May,22,No forecast,No forecast,No forecast,,,,,,
1262.19,2019,Qtr 2,May,23,No forecast,No forecast,No forecast,,,,,,
115.4542,2019,Qtr 2,May,24,No forecast,No forecast,No forecast,,,,,,
167.6508,2019,Qtr 2,May,25,No forecast,No forecast,No forecast,,,,,,
70.6306,2019,Qtr 2,May,26,No forecast,No forecast,No forecast,,,,,,
989.5656,2019,Qtr 2,May,27,No forecast,No forecast,No forecast,,,,,,
305.5458,2019,Qtr 2,May,28,No forecast,No forecast,No forecast,,,,,,
291.9959,2019,Qtr 2,May,29,No forecast,No forecast,No forecast,,,,,,
1777.9959,2019,Qtr 2,May,30,No forecast,No forecast,No forecast,,,,,,
49.6696,2019,Qtr 2,May,31,No forecast,No forecast,No forecast,,,,,,
23.5796,2019,Qtr 2,June,2,No forecast,No forecast,No forecast,,,,,,
-1.7772,2019,Qtr 2,June,3,No forecast,No forecast,No forecast,,,,,,
-29.8977,2019,Qtr 2,June,4,No forecast,No forecast,No forecast,,,,,,
121.3312,2019,Qtr 2,June,5,No forecast,No forecast,No forecast,,,,,,
1049.4815,2019,Qtr 2,June,6,No forecast,No forecast,No forecast,,,,,,
22.9219,2019,Qtr 2,June,7,No forecast,No forecast,No forecast,,,,,,
179.1381,2019,Qtr 2,June,9,No forecast,No forecast,No forecast,,,,,,
-183.5896,2019,Qtr 2,June,10,No forecast,No forecast,No forecast,,,,,,
237.9551,2019,Qtr 2,June,11,No forecast,No forecast,No forecast,,,,,,
282.5019,2019,Qtr 2,June,12,No forecast,No forecast,No forecast,,,,,,
114.9353,2019,Qtr 2,June,13,No forecast,No forecast,No forecast,,,,,,
326.6274,2019,Qtr 2,June,14,No forecast,No forecast,No forecast,,,,,,
54.215,2019,Qtr 2,June,15,No forecast,No forecast,No forecast,,,,,,
24.491,2019,Qtr 2,June,16,No forecast,No forecast,No forecast,,,,,,
277.3227,2019,Qtr 2,June,17,No forecast,No forecast,No forecast,,,,,,
115.9074,2019,Qtr 2,June,18,No forecast,No forecast,No forecast,,,,,,
8.0464,2019,Qtr 2,June,19,No forecast,No forecast,No forecast,,,,,,
153.8827,2019,Qtr 2,June,20,No forecast,No forecast,No forecast,,,,,,
27.7592,2019,Qtr 2,June,21,No forecast,No forecast,No forecast,,,,,,
345.1115,2019,Qtr 2,June,23,No forecast,No forecast,No forecast,,,,,,
720.6928,2019,Qtr 2,June,24,No forecast,No forecast,No forecast,,,,,,
-112.1216,2019,Qtr 2,June,25,No forecast,No forecast,No forecast,,,,,,
428.856,2019,Qtr 2,June,26,No forecast,No forecast,No forecast,,,,,,
17.0654,2019,Qtr 2,June,27,No forecast,No forecast,No forecast,,,,,,
226.2909,2019,Qtr 2,June,28,No forecast,No forecast,No forecast,,,,,,
19.188,2019,Qtr 2,June,29,No forecast,No forecast,No forecast,,,,,,
300.4632,2019,Qtr 2,June,30,No forecast,No forecast,No forecast,,,,,,
545.6346,2019,Qtr 3,July,1,No forecast,No forecast,No forecast,,,,,,
37.1906,2019,Qtr 3,July,2,No forecast,No forecast,No forecast,,,,,,
242.9458,2019,Qtr 3,July,3,No forecast,No forecast,No forecast,,,,,,
293.1901,2019,Qtr 3,July,4,No forecast,No forecast,No forecast,,,,,,
1007.9792,2019,Qtr 3,July,7,No forecast,No forecast,No forecast,,,,,,
243.6091,2019,Qtr 3,July,8,No forecast,No forecast,No forecast,,,,,,
87.4096,2019,Qtr 3,July,9,No forecast,No forecast,No forecast,,,,,,
-370.0612,2019,Qtr 3,July,10,No forecast,No forecast,No forecast,,,,,,
7.182,2019,Qtr 3,July,12,No forecast,No forecast,No forecast,,,,,,
350.7695,2019,Qtr 3,July,14,No forecast,No forecast,No forecast,,,,,,
69.754,2019,Qtr 3,July,15,No forecast,No forecast,No forecast,,,,,,
-65.546,2019,Qtr 3,July,16,No forecast,No forecast,No forecast,,,,,,
625.6817,2019,Qtr 3,July,17,No forecast,No forecast,No forecast,,,,,,
99.531,2019,Qtr 3,July,18,No forecast,No forecast,No forecast,,,,,,
500.51,2019,Qtr 3,July,19,No forecast,No forecast,No forecast,,,,,,
43.176,2019,Qtr 3,July,20,No forecast,No forecast,No forecast,,,,,,
205.748,2019,Qtr 3,July,21,No forecast,No forecast,No forecast,,,,,,
276.6497,2019,Qtr 3,July,22,No forecast,No forecast,No forecast,,,,,,
-99.4389,2019,Qtr 3,July,23,No forecast,No forecast,No forecast,,,,,,
52.2436,2019,Qtr 3,July,24,No forecast,No forecast,No forecast,,,,,,
1109.2371,2019,Qtr 3,July,25,No forecast,No forecast,No forecast,,,,,,
-1307.0702,2019,Qtr 3,July,28,No forecast,No forecast,No forecast,,,,,,
-12.0947,2019,Qtr 3,July,29,No forecast,No forecast,No forecast,,,,,,
219.9664,2019,Qtr 3,July,30,No forecast,No forecast,No forecast,,,,,,
268.6809,2019,Qtr 3,July,31,No forecast,No forecast,No forecast,,,,,,
114.5336,2019,Qtr 3,August,1,No forecast,No forecast,No forecast,,,,,,
53.4138,2019,Qtr 3,August,2,No forecast,No forecast,No forecast,,,,,,
61.743,2019,Qtr 3,August,3,No forecast,No forecast,No forecast,,,,,,
98.0654,2019,Qtr 3,August,4,No forecast,No forecast,No forecast,,,,,,
59.115,2019,Qtr 3,August,5,No forecast,No forecast,No forecast,,,,,,
67.5102,2019,Qtr 3,August,6,No forecast,No forecast,No forecast,,,,,,
86.3856,2019,Qtr 3,August,7,No forecast,No forecast,No forecast,,,,,,
180.9266,2019,Qtr 3,August,8,No forecast,No forecast,No forecast,,,,,,
67.2246,2019,Qtr 3,August,9,No forecast,No forecast,No forecast,,,,,,
70.4852,2019,Qtr 3,August,11,No forecast,No forecast,No forecast,,,,,,
14.8746,2019,Qtr 3,August,12,No forecast,No forecast,No forecast,,,,,,
-82.3052,2019,Qtr 3,August,13,No forecast,No forecast,No forecast,,,,,,
-8.0738,2019,Qtr 3,August,14,No forecast,No forecast,No forecast,,,,,,
175.2732,2019,Qtr 3,August,15,No forecast,No forecast,No forecast,,,,,,
32.7522,2019,Qtr 3,August,16,No forecast,No forecast,No forecast,,,,,,
5.6956,2019,Qtr 3,August,17,No forecast,No forecast,No forecast,,,,,,
132.1081,2019,Qtr 3,August,18,No forecast,No forecast,No forecast,,,,,,
154.1413,2019,Qtr 3,August,19,No forecast,No forecast,No forecast,,,,,,
3.9906,2019,Qtr 3,August,20,No forecast,No forecast,No forecast,,,,,,
18.4318,2019,Qtr 3,August,21,No forecast,No forecast,No forecast,,,,,,
46.673,2019,Qtr 3,August,22,No forecast,No forecast,No forecast,,,,,,
230.8845,2019,Qtr 3,August,23,No forecast,No forecast,No forecast,,,,,,
748.6752,2019,Qtr 3,August,26,No forecast,No forecast,No forecast,,,,,,
196.3329,2019,Qtr 3,August,27,No forecast,No forecast,No forecast,,,,,,
-89.6447,2019,Qtr 3,August,28,No forecast,No forecast,No forecast,,,,,,
-121.177,2019,Qtr 3,August,29,No forecast,No forecast,No forecast,,,,,,
-258.3628,2019,Qtr 3,August,30,No forecast,No forecast,No forecast,,,,,,
2.3968,2019,Qtr 3,August,31,No forecast,No forecast,No forecast,,,,,,
1896.7402,2019,Qtr 3,September,1,No forecast,No forecast,No forecast,,,,,,
750.1167,2019,Qtr 3,September,2,No forecast,No forecast,No forecast,,,,,,
-755.7506,2019,Qtr 3,September,3,No forecast,No forecast,No forecast,,,,,,
1464.5008,2019,Qtr 3,September,4,No forecast,No forecast,No forecast,,,,,,
425.5154,2019,Qtr 3,September,5,No forecast,No forecast,No forecast,,,,,,
204.6418,2019,Qtr 3,September,6,No forecast,No forecast,No forecast,,,,,,
-375.63,2019,Qtr 3,September,8,No forecast,No forecast,No forecast,,,,,,
12.1616,2019,Qtr 3,September,9,No forecast,No forecast,No forecast,,,,,,
250.4304,2019,Qtr 3,September,10,No forecast,No forecast,No forecast,,,,,,
1353.6502,2019,Qtr 3,September,11,No forecast,No forecast,No forecast,,,,,,
452.8074,2019,Qtr 3,September,12,No forecast,No forecast,No forecast,,,,,,
696.2947,2019,Qtr 3,September,13,No forecast,No forecast,No forecast,,,,,,
396.3846,2019,Qtr 3,September,14,No forecast,No forecast,No forecast,,,,,,
601.9099,2019,Qtr 3,September,15,No forecast,No forecast,No forecast,,,,,,
28.4618,2019,Qtr 3,September,16,No forecast,No forecast,No forecast,,,,,,
492.8203,2019,Qtr 3,September,17,No forecast,No forecast,No forecast,,,,,,
359.346,2019,Qtr 3,September,18,No forecast,No forecast,No forecast,,,,,,
936.4,2019,Qtr 3,September,19,No forecast,No forecast,No forecast,,,,,,
377.3806,2019,Qtr 3,September,20,No forecast,No forecast,No forecast,,,,,,
156.2421,2019,Qtr 3,September,22,No forecast,No forecast,No forecast,,,,,,
92.7765,2019,Qtr 3,September,23,No forecast,No forecast,No forecast,,,,,,
-556.9555,2019,Qtr 3,September,24,No forecast,No forecast,No forecast,,,,,,
335.5552,2019,Qtr 3,September,25,No forecast,No forecast,No forecast,,,,,,
-415.5319,2019,Qtr 3,September,26,No forecast,No forecast,No forecast,,,,,,
-88.5602,2019,Qtr 3,September,27,No forecast,No forecast,No forecast,,,,,,
30.98,2019,Qtr 3,September,28,No forecast,No forecast,No forecast,,,,,,
235.4062,2019,Qtr 3,September,29,No forecast,No forecast,No forecast,,,,,,
-29.4366,2019,Qtr 3,September,30,No forecast,No forecast,No forecast,,,,,,
-42.7895,2019,Qtr 4,October,1,No forecast,No forecast,No forecast,,,,,,
8738.7971,2019,Qtr 4,October,2,No forecast,No forecast,No forecast,,,,,,
224.5338,2019,Qtr 4,October,3,No forecast,No forecast,No forecast,,,,,,
2658.3198,2019,Qtr 4,October,4,No forecast,No forecast,No forecast,,,,,,
-947.1071,2019,Qtr 4,October,6,No forecast,No forecast,No forecast,,,,,,
79.408,2019,Qtr 4,October,7,No forecast,No forecast,No forecast,,,,,,
-51.9904,2019,Qtr 4,October,8,No forecast,No forecast,No forecast,,,,,,
-34.4084,2019,Qtr 4,October,9,No forecast,No forecast,No forecast,,,,,,
-219.8989,2019,Qtr 4,October,10,No forecast,No forecast,No forecast,,,,,,
4.133,2019,Qtr 4,October,11,No forecast,No forecast,No forecast,,,,,,
-397.0627,2019,Qtr 4,October,13,No forecast,No forecast,No forecast,,,,,,
981.537,2019,Qtr 4,October,14,No forecast,No forecast,No forecast,,,,,,
598.941,2019,Qtr 4,October,15,No forecast,No forecast,No forecast,,,,,,
-37.9152,2019,Qtr 4,October,16,No forecast,No forecast,No forecast,,,,,,
1160.731,2019,Qtr 4,October,17,No forecast,No forecast,No forecast,,,,,,
-34.641,2019,Qtr 4,October,18,No forecast,No forecast,No forecast,,,,,,
127.6613,2019,Qtr 4,October,20,No forecast,No forecast,No forecast,,,,,,
1763.4706,2019,Qtr 4,October,21,No forecast,No forecast,No forecast,,,,,,
57.2658,2019,Qtr 4,October,22,No forecast,No forecast,No forecast,,,,,,
192.2002,2019,Qtr 4,October,23,No forecast,No forecast,No forecast,,,,,,
314.0359,2019,Qtr 4,October,24,No forecast,No forecast,No forecast,,,,,,
78.396,2019,Qtr 4,October,25,No forecast,No forecast,No forecast,,,,,,
237.815,2019,Qtr 4,October,27,No forecast,No forecast,No forecast,,,,,,
255.0178,2019,Qtr 4,October,28,No forecast,No forecast,No forecast,,,,,,
39.4184,2019,Qtr 4,October,29,No forecast,No forecast,No forecast,,,,,,
46.9478,2019,Qtr 4,October,30,No forecast,No forecast,No forecast,,,,,,
450.3262,2019,Qtr 4,October,31,No forecast,No forecast,No forecast,,,,,,
149.3042,2019,Qtr 4,November,1,No forecast,No forecast,No forecast,,,,,,
696.3602,2019,Qtr 4,November,3,No forecast,No forecast,No forecast,,,,,,
-57.3349,2019,Qtr 4,November,4,No forecast,No forecast,No forecast,,,,,,
62.0551,2019,Qtr 4,November,5,No forecast,No forecast,No forecast,,,,,,
60.8782,2019,Qtr 4,November,6,No forecast,No forecast,No forecast,,,,,,
635.1252,2019,Qtr 4,November,7,No forecast,No forecast,No forecast,,,,,,
261.4956,2019,Qtr 4,November,8,No forecast,No forecast,No forecast,,,,,,
177.5889,2019,Qtr 4,November,9,No forecast,No forecast,No forecast,,,,,,
1081.5284,2019,Qtr 4,November,10,No forecast,No forecast,No forecast,,,,,,
496.0179,2019,Qtr 4,November,11,No forecast,No forecast,No forecast,,,,,,
170.3252,2019,Qtr 4,November,12,No forecast,No forecast,No forecast,,,,,,
789.1702,2019,Qtr 4,November,13,No forecast,No forecast,No forecast,,,,,,
424.111,2019,Qtr 4,November,14,No forecast,No forecast,No forecast,,,,,,
262.9901,2019,Qtr 4,November,15,No forecast,No forecast,No forecast,,,,,,
16.156,2019,Qtr 4,November,16,No forecast,No forecast,No forecast,,,,,,
28.9717,2019,Qtr 4,November,17,No forecast,No forecast,No forecast,,,,,,
781.102,2019,Qtr 4,November,18,No forecast,No forecast,No forecast,,,,,,
111.7505,2019,Qtr 4,November,19,No forecast,No forecast,No forecast,,,,,,
508.7926,2019,Qtr 4,November,20,No forecast,No forecast,No forecast,,,,,,
150.9536,2019,Qtr 4,November,21,No forecast,No forecast,No forecast,,,,,,
80.365,2019,Qtr 4,November,22,No forecast,No forecast,No forecast,,,,,,
18.6496,2019,Qtr 4,November,23,No forecast,No forecast,No forecast,,,,,,
1246.1061,2019,Qtr 4,November,24,No forecast,No forecast,No forecast,,,,,,
-6247.3969,2019,Qtr 4,November,25,No forecast,No forecast,No forecast,,,,,,
1776.8757,2019,Qtr 4,November,26,No forecast,No forecast,No forecast,,,,,,
209.4244,2019,Qtr 4,November,27,No forecast,No forecast,No forecast,,,,,,
320.303,2019,Qtr 4,November,28,No forecast,No forecast,No forecast,,,,,,
-285.9254,2019,Qtr 4,November,29,No forecast,No forecast,No forecast,,,,,,
85.6643,2019,Qtr 4,November,30,No forecast,No forecast,No forecast,,,,,,
1652.8648,2019,Qtr 4,December,1,No forecast,No forecast,No forecast,,,,,,
992.4432,2019,Qtr 4,December,2,No forecast,No forecast,No forecast,,,,,,
1065.8562,2019,Qtr 4,December,3,No forecast,No forecast,No forecast,,,,,,
146.7888,2019,Qtr 4,December,4,No forecast,No forecast,No forecast,,,,,,
1468.7369,2019,Qtr 4,December,5,No forecast,No forecast,No forecast,,,,,,
1017.2351,2019,Qtr 4,December,6,No forecast,No forecast,No forecast,,,,,,
146.9703,2019,Qtr 4,December,8,No forecast,No forecast,No forecast,,,,,,
340.0393,2019,Qtr 4,December,9,No forecast,No forecast,No forecast,,,,,,
1020.2983,2019,Qtr 4,December,10,No forecast,No forecast,No forecast,,,,,,
425.9722,2019,Qtr 4,December,11,No forecast,No forecast,No forecast,,,,,,
482.0632,2019,Qtr 4,December,12,No forecast,No forecast,No forecast,,,,,,
72.1554,2019,Qtr 4,December,13,No forecast,No forecast,No forecast,,,,,,
315.5413,2019,Qtr 4,December,14,No forecast,No forecast,No forecast,,,,,,
27.6186,2019,Qtr 4,December,15,No forecast,No forecast,No forecast,,,,,,
8.4637,2019,Qtr 4,December,16,No forecast,No forecast,No forecast,,,,,,
4653.9969,2019,Qtr 4,December,17,No forecast,No forecast,No forecast,,,,,,
727.4944,2019,Qtr 4,December,18,No forecast,No forecast,No forecast,,,,,,
-251.3853,2019,Qtr 4,December,19,No forecast,No forecast,No forecast,,,,,,
38.5308,2019,Qtr 4,December,20,No forecast,No forecast,No forecast,,,,,,
228.1434,2019,Qtr 4,December,22,No forecast,No forecast,No forecast,,,,,,
1008.2604,2019,Qtr 4,December,23,No forecast,No forecast,No forecast,,,,,,
323.5229,2019,Qtr 4,December,24,No forecast,No forecast,No forecast,,,,,,
1393.3961,2019,Qtr 4,December,25,No forecast,No forecast,No forecast,,,,,,
155.9416,2019,Qtr 4,December,26,No forecast,No forecast,No forecast,,,,,,
16.7586,2019,Qtr 4,December,27,No forecast,No forecast,No forecast,,,,,,
192.4955,2019,Qtr 4,December,29,No forecast,No forecast,No forecast,,,,,,
146.8632,2019,Qtr 4,December,30,No forecast,No forecast,No forecast,,,,,,
68.2435,2019,Qtr 4,December,31,No forecast,No forecast,No forecast,,,,,,
-181.4109,2020,Qtr 1,January,1,No forecast,No forecast,No forecast,,,,,,
-207.0473,2020,Qtr 1,January,2,No forecast,No forecast,No forecast,,,,,,
704.28,2020,Qtr 1,January,3,No forecast,No forecast,No forecast,,,,,,
15.5204,2020,Qtr 1,January,6,No forecast,No forecast,No forecast,,,,,,
758.7192,2020,Qtr 1,January,7,No forecast,No forecast,No forecast,,,,,,
80.3682,2020,Qtr 1,January,8,No forecast,No forecast,No forecast,,,,,,
-228.7425,2020,Qtr 1,January,9,No forecast,No forecast,No forecast,,,,,,
-1101.516,2020,Qtr 1,January,12,No forecast,No forecast,No forecast,,,,,,
206.6524,2020,Qtr 1,January,13,No forecast,No forecast,No forecast,,,,,,
208.8079,2020,Qtr 1,January,14,No forecast,No forecast,No forecast,,,,,,
297.206,2020,Qtr 1,January,15,No forecast,No forecast,No forecast,,,,,,
2595.203,2020,Qtr 1,January,16,No forecast,No forecast,No forecast,,,,,,
55.4043,2020,Qtr 1,January,19,No forecast,No forecast,No forecast,,,,,,
156.032,2020,Qtr 1,January,20,No forecast,No forecast,No forecast,,,,,,
619.2187,2020,Qtr 1,January,21,No forecast,No forecast,No forecast,,,,,,
1461.3511,2020,Qtr 1,January,22,No forecast,No forecast,No forecast,,,,,,
60.55,2020,Qtr 1,January,23,No forecast,No forecast,No forecast,,,,,,
105.0682,2020,Qtr 1,January,24,No forecast,No forecast,No forecast,,,,,,
803.9555,2020,Qtr 1,January,26,No forecast,No forecast,No forecast,,,,,,
1.6239,2020,Qtr 1,January,27,No forecast,No forecast,No forecast,,,,,,
333.8478,2020,Qtr 1,January,28,No forecast,No forecast,No forecast,,,,,,
86.9031,2020,Qtr 1,January,29,No forecast,No forecast,No forecast,,,,,,
308.4441,2020,Qtr 1,January,30,No forecast,No forecast,No forecast,,,,,,
170.677,2020,Qtr 1,February,2,No forecast,No forecast,No forecast,,,,,,
215.57,2020,Qtr 1,February,3,No forecast,No forecast,No forecast,,,,,,
8.4942,2020,Qtr 1,February,4,No forecast,No forecast,No forecast,,,,,,
74.882,2020,Qtr 1,February,5,No forecast,No forecast,No forecast,,,,,,
204.3158,2020,Qtr 1,February,6,No forecast,No forecast,No forecast,,,,,,
-411.9726,2020,Qtr 1,February,9,No forecast,No forecast,No forecast,,,,,,
28.1274,2020,Qtr 1,February,10,No forecast,No forecast,No forecast,,,,,,
130.1018,2020,Qtr 1,February,11,No forecast,No forecast,No forecast,,,,,,
424.3345,2020,Qtr 1,February,13,No forecast,No forecast,No forecast,,,,,,
95.9756,2020,Qtr 1,February,16,No forecast,No forecast,No forecast,,,,,,
-383.5478,2020,Qtr 1,February,17,No forecast,No forecast,No forecast,,,,,,
62.4082,2020,Qtr 1,February,18,No forecast,No forecast,No forecast,,,,,,
377.0515,2020,Qtr 1,February,19,No forecast,No forecast,No forecast,,,,,,
-107.5121,2020,Qtr 1,February,20,No forecast,No forecast,No forecast,,,,,,
-2.994,2020,Qtr 1,February,21,No forecast,No forecast,No forecast,,,,,,
42.37,2020,Qtr 1,February,23,No forecast,No forecast,No forecast,,,,,,
249.3929,2020,Qtr 1,February,24,No forecast,No forecast,No forecast,,,,,,
-19.3798,2020,Qtr 1,February,25,No forecast,No forecast,No forecast,,,,,,
447.3532,2020,Qtr 1,February,26,No forecast,No forecast,No forecast,,,,,,
8.2242,2020,Qtr 1,February,28,No forecast,No forecast,No forecast,,,,,,
244.0397,2020,Qtr 1,March,2,No forecast,No forecast,No forecast,,,,,,
528.1881,2020,Qtr 1,March,3,No forecast,No forecast,No forecast,,,,,,
-33.9224,2020,Qtr 1,March,4,No forecast,No forecast,No forecast,,,,,,
480.4513,2020,Qtr 1,March,5,No forecast,No forecast,No forecast,,,,,,
235.126,2020,Qtr 1,March,6,No forecast,No forecast,No forecast,,,,,,
56.1114,2020,Qtr 1,March,7,No forecast,No forecast,No forecast,,,,,,
243.448,2020,Qtr 1,March,8,No forecast,No forecast,No forecast,,,,,,
139.6285,2020,Qtr 1,March,9,No forecast,No forecast,No forecast,,,,,,
-165.0196,2020,Qtr 1,March,10,No forecast,No forecast,No forecast,,,,,,
224.6984,2020,Qtr 1,March,11,No forecast,No forecast,No forecast,,,,,,
60.474,2020,Qtr 1,March,12,No forecast,No forecast,No forecast,,,,,,
827.2756,2020,Qtr 1,March,13,No forecast,No forecast,No forecast,,,,,,
4.9616,2020,Qtr 1,March,14,No forecast,No forecast,No forecast,,,,,,
182.3025,2020,Qtr 1,March,16,No forecast,No forecast,No forecast,,,,,,
129.7274,2020,Qtr 1,March,17,No forecast,No forecast,No forecast,,,,,,
-250.1181,2020,Qtr 1,March,18,No forecast,No forecast,No forecast,,,,,,
130.4093,2020,Qtr 1,March,19,No forecast,No forecast,No forecast,,,,,,
253.0645,2020,Qtr 1,March,20,No forecast,No forecast,No forecast,,,,,,
912.2596,2020,Qtr 1,March,21,No forecast,No forecast,No forecast,,,,,,
6818.6276,2020,Qtr 1,March,23,No forecast,No forecast,No forecast,,,,,,
340.2724,2020,Qtr 1,March,24,No forecast,No forecast,No forecast,,,,,,
730.5126,2020,Qtr 1,March,25,No forecast,No forecast,No forecast,,,,,,
426.5697,2020,Qtr 1,March,26,No forecast,No forecast,No forecast,,,,,,
128.5232,2020,Qtr 1,March,27,No forecast,No forecast,No forecast,,,,,,
58.8642,2020,Qtr 1,March,28,No forecast,No forecast,No forecast,,,,,,
21.164,2020,Qtr 1,March,29,No forecast,No forecast,No forecast,,,,,,
222.0362,2020,Qtr 1,March,30,No forecast,No forecast,No forecast,,,,,,
1802.2158,2020,Qtr 1,March,31,No forecast,No forecast,No forecast,,,,,,
542.9408,2020,Qtr 2,April,1,No forecast,No forecast,No forecast,,,,,,
215.8982,2020,Qtr 2,April,2,No forecast,No forecast,No forecast,,,,,,
9.8466,2020,Qtr 2,April,3,No forecast,No forecast,No forecast,,,,,,
110.1777,2020,Qtr 2,April,4,No forecast,No forecast,No forecast,,,,,,
44.0304,2020,Qtr 2,April,6,No forecast,No forecast,No forecast,,,,,,
-341.1727,2020,Qtr 2,April,7,No forecast,No forecast,No forecast,,,,,,
2276.8183,2020,Qtr 2,April,8,No forecast,No forecast,No forecast,,,,,,
411.2821,2020,Qtr 2,April,9,No forecast,No forecast,No forecast,,,,,,
171.7842,2020,Qtr 2,April,10,No forecast,No forecast,No forecast,,,,,,
18.417,2020,Qtr 2,April,11,No forecast,No forecast,No forecast,,,,,,
31.347,2020,Qtr 2,April,12,No forecast,No forecast,No forecast,,,,,,
268.2204,2020,Qtr 2,April,13,No forecast,No forecast,No forecast,,,,,,
33.6005,2020,Qtr 2,April,14,No forecast,No forecast,No forecast,,,,,,
109.8951,2020,Qtr 2,April,15,No forecast,No forecast,No forecast,,,,,,
-45.439,2020,Qtr 2,April,16,No forecast,No forecast,No forecast,,,,,,
-3403.495,2020,Qtr 2,April,17,No forecast,No forecast,No forecast,,,,,,
22.7543,2020,Qtr 2,April,20,No forecast,No forecast,No forecast,,,,,,
27.6041,2020,Qtr 2,April,21,No forecast,No forecast,No forecast,,,,,,
93.973,2020,Qtr 2,April,22,No forecast,No forecast,No forecast,,,,,,
199.3172,2020,Qtr 2,April,23,No forecast,No forecast,No forecast,,,,,,
-12.0361,2020,Qtr 2,April,24,No forecast,No forecast,No forecast,,,,,,
104.5849,2020,Qtr 2,April,25,No forecast,No forecast,No forecast,,,,,,
27.1623,2020,Qtr 2,April,26,No forecast,No forecast,No forecast,,,,,,
60.0206,2020,Qtr 2,April,27,No forecast,No forecast,No forecast,,,,,,
91.3672,2020,Qtr 2,April,28,No forecast,No forecast,No forecast,,,,,,
-67.4841,2020,Qtr 2,April,29,No forecast,No forecast,No forecast,,,,,,
-68.125,2020,Qtr 2,April,30,No forecast,No forecast,No forecast,,,,,,
-453.8578,2020,Qtr 2,May,1,No forecast,No forecast,No forecast,,,,,,
110.3944,2020,Qtr 2,May,2,No forecast,No forecast,No forecast,,,,,,
-80.1002,2020,Qtr 2,May,3,No forecast,No forecast,No forecast,,,,,,
292.3293,2020,Qtr 2,May,4,No forecast,No forecast,No forecast,,,,,,
-122.5625,2020,Qtr 2,May,5,No forecast,No forecast,No forecast,,,,,,
84.1948,2020,Qtr 2,May,6,No forecast,No forecast,No forecast,,,,,,
649.4175,2020,Qtr 2,May,7,No forecast,No forecast,No forecast,,,,,,
1061.3636,2020,Qtr 2,May,8,No forecast,No forecast,No forecast,,,,,,
273.9624,2020,Qtr 2,May,9,No forecast,No forecast,No forecast,,,,,,
-319.4249,2020,Qtr 2,May,11,No forecast,No forecast,No forecast,,,,,,
36.531,2020,Qtr 2,May,12,No forecast,No forecast,No forecast,,,,,,
809.8532,2020,Qtr 2,May,13,No forecast,No forecast,No forecast,,,,,,
1077.8878,2020,Qtr 2,May,14,No forecast,No forecast,No forecast,,,,,,
73.9747,2020,Qtr 2,May,15,No forecast,No forecast,No forecast,,,,,,
-55.256,2020,Qtr 2,May,16,No forecast,No forecast,No forecast,,,,,,
407.8936,2020,Qtr 2,May,18,No forecast,No forecast,No forecast,,,,,,
1171.7753,2020,Qtr 2,May,19,No forecast,No forecast,No forecast,,,,,,
273.2104,2020,Qtr 2,May,20,No forecast,No forecast,No forecast,,,,,,
78.0183,2020,Qtr 2,May,21,No forecast,No forecast,No forecast,,,,,,
-6.9695,2020,Qtr 2,May,22,No forecast,No forecast,No forecast,,,,,,
-66.0777,2020,Qtr 2,May,23,No forecast,No forecast,No forecast,,,,,,
230.3317,2020,Qtr 2,May,25,No forecast,No forecast,No forecast,,,,,,
76.4496,2020,Qtr 2,May,26,No forecast,No forecast,No forecast,,,,,,
384.4578,2020,Qtr 2,May,27,No forecast,No forecast,No forecast,,,,,,
169.1964,2020,Qtr 2,May,28,No forecast,No forecast,No forecast,,,,,,
110.4299,2020,Qtr 2,May,29,No forecast,No forecast,No forecast,,,,,,
75.1597,2020,Qtr 2,May,30,No forecast,No forecast,No forecast,,,,,,
1295.5061,2020,Qtr 2,June,1,No forecast,No forecast,No forecast,,,,,,
38.5265,2020,Qtr 2,June,2,No forecast,No forecast,No forecast,,,,,,
384.1454,2020,Qtr 2,June,3,No forecast,No forecast,No forecast,,,,,,
66.7452,2020,Qtr 2,June,4,No forecast,No forecast,No forecast,,,,,,
60.1749,2020,Qtr 2,June,5,No forecast,No forecast,No forecast,,,,,,
2.178,2020,Qtr 2,June,6,No forecast,No forecast,No forecast,,,,,,
134.1619,2020,Qtr 2,June,8,No forecast,No forecast,No forecast,,,,,,
2.2273,2020,Qtr 2,June,9,No forecast,No forecast,No forecast,,,,,,
186.4923,2020,Qtr 2,June,10,No forecast,No forecast,No forecast,,,,,,
274.9412,2020,Qtr 2,June,11,No forecast,No forecast,No forecast,,,,,,
314.9144,2020,Qtr 2,June,12,No forecast,No forecast,No forecast,,,,,,
-95.0222,2020,Qtr 2,June,13,No forecast,No forecast,No forecast,,,,,,
404.4218,2020,Qtr 2,June,15,No forecast,No forecast,No forecast,,,,,,
521.365,2020,Qtr 2,June,16,No forecast,No forecast,No forecast,,,,,,
1696.4659,2020,Qtr 2,June,17,No forecast,No forecast,No forecast,,,,,,
117.8799,2020,Qtr 2,June,18,No forecast,No forecast,No forecast,,,,,,
-22.0346,2020,Qtr 2,June,19,No forecast,No forecast,No forecast,,,,,,
263.752,2020,Qtr 2,June,20,No forecast,No forecast,No forecast,,,,,,
230.9592,2020,Qtr 2,June,21,No forecast,No forecast,No forecast,,,,,,
123.2786,2020,Qtr 2,June,22,No forecast,No forecast,No forecast,,,,,,
-28.5234,2020,Qtr 2,June,24,No forecast,No forecast,No forecast,,,,,,
185.0875,2020,Qtr 2,June,25,No forecast,No forecast,No forecast,,,,,,
705.2894,2020,Qtr 2,June,26,No forecast,No forecast,No forecast,,,,,,
335.5359,2020,Qtr 2,June,27,No forecast,No forecast,No forecast,,,,,,
889.2002,2020,Qtr 2,June,29,No forecast,No forecast,No forecast,,,,,,
135.6673,2020,Qtr 2,June,30,No forecast,No forecast,No forecast,,,,,,
103.9546,2020,Qtr 3,July,1,No forecast,No forecast,No forecast,,,,,,
51.3259,2020,Qtr 3,July,2,No forecast,No forecast,No forecast,,,,,,
1488.1451,2020,Qtr 3,July,3,No forecast,No forecast,No forecast,,,,,,
-337.4099,2020,Qtr 3,July,5,No forecast,No forecast,No forecast,,,,,,
13.7454,2020,Qtr 3,July,6,No forecast,No forecast,No forecast,,,,,,
37.4029,2020,Qtr 3,July,7,No forecast,No forecast,No forecast,,,,,,
817.1376,2020,Qtr 3,July,8,No forecast,No forecast,No forecast,,,,,,
164.1114,2020,Qtr 3,July,9,No forecast,No forecast,No forecast,,,,,,
44.925,2020,Qtr 3,July,10,No forecast,No forecast,No forecast,,,,,,
336.1681,2020,Qtr 3,July,11,No forecast,No forecast,No forecast,,,,,,
1.1925,2020,Qtr 3,July,12,No forecast,No forecast,No forecast,,,,,,
112.0167,2020,Qtr 3,July,13,No forecast,No forecast,No forecast,,,,,,
-46.0439,2020,Qtr 3,July,14,No forecast,No forecast,No forecast,,,,,,
285.2052,2020,Qtr 3,July,15,No forecast,No forecast,No forecast,,,,,,
15.0374,2020,Qtr 3,July,16,No forecast,No forecast,No forecast,,,,,,
477.3142,2020,Qtr 3,July,17,No forecast,No forecast,No forecast,,,,,,
-425.6398,2020,Qtr 3,July,18,No forecast,No forecast,No forecast,,,,,,
727.2774,2020,Qtr 3,July,20,No forecast,No forecast,No forecast,,,,,,
144.2286,2020,Qtr 3,July,21,No forecast,No forecast,No forecast,,,,,,
-61.1061,2020,Qtr 3,July,22,No forecast,No forecast,No forecast,,,,,,
258.4118,2020,Qtr 3,July,23,No forecast,No forecast,No forecast,,,,,,
839.986,2020,Qtr 3,July,24,No forecast,No forecast,No forecast,,,,,,
-39.7968,2020,Qtr 3,July,25,No forecast,No forecast,No forecast,,,,,,
705.274,2020,Qtr 3,July,26,No forecast,No forecast,No forecast,,,,,,
211.5755,2020,Qtr 3,July,27,No forecast,No forecast,No forecast,,,,,,
108.0536,2020,Qtr 3,July,28,No forecast,No forecast,No forecast,,,,,,
367.4606,2020,Qtr 3,July,29,No forecast,No forecast,No forecast,,,,,,
87.9368,2020,Qtr 3,July,30,No forecast,No forecast,No forecast,,,,,,
464.7314,2020,Qtr 3,July,31,No forecast,No forecast,No forecast,,,,,,
-159.4062,2020,Qtr 3,August,1,No forecast,No forecast,No forecast,,,,,,
40.3009,2020,Qtr 3,August,3,No forecast,No forecast,No forecast,,,,,,
0.432,2020,Qtr 3,August,4,No forecast,No forecast,No forecast,,,,,,
170.4234,2020,Qtr 3,August,5,No forecast,No forecast,No forecast,,,,,,
419.7762,2020,Qtr 3,August,6,No forecast,No forecast,No forecast,,,,,,
705.8854,2020,Qtr 3,August,7,No forecast,No forecast,No forecast,,,,,,
521.9644,2020,Qtr 3,August,10,No forecast,No forecast,No forecast,,,,,,
235.9044,2020,Qtr 3,August,11,No forecast,No forecast,No forecast,,,,,,
888.6845,2020,Qtr 3,August,12,No forecast,No forecast,No forecast,,,,,,
-1071.7152,2020,Qtr 3,August,13,No forecast,No forecast,No forecast,,,,,,
12.3879,2020,Qtr 3,August,14,No forecast,No forecast,No forecast,,,,,,
-289.1836,2020,Qtr 3,August,15,No forecast,No forecast,No forecast,,,,,,
-12.0292,2020,Qtr 3,August,16,No forecast,No forecast,No forecast,,,,,,
605.8985,2020,Qtr 3,August,17,No forecast,No forecast,No forecast,,,,,,
1971.9706,2020,Qtr 3,August,18,No forecast,No forecast,No forecast,,,,,,
225.0193,2020,Qtr 3,August,19,No forecast,No forecast,No forecast,,,,,,
183.6178,2020,Qtr 3,August,20,No forecast,No forecast,No forecast,,,,,,
2245.6488,2020,Qtr 3,August,21,No forecast,No forecast,No forecast,,,,,,
-81.2501,2020,Qtr 3,August,22,No forecast,No forecast,No forecast,,,,,,
358.546,2020,Qtr 3,August,23,No forecast,No forecast,No forecast,,,,,,
77.406,2020,Qtr 3,August,24,No forecast,No forecast,No forecast,,,,,,
-17.1108,2020,Qtr 3,August,25,No forecast,No forecast,No forecast,,,,,,
-14.765,2020,Qtr 3,August,26,No forecast,No forecast,No forecast,,,,,,
1008.8821,2020,Qtr 3,August,27,No forecast,No forecast,No forecast,,,,,,
345.3009,2020,Qtr 3,August,28,No forecast,No forecast,No forecast,,,,,,
57.1282,2020,Qtr 3,August,29,No forecast,No forecast,No forecast,,,,,,
611.2385,2020,Qtr 3,August,31,No forecast,No forecast,No forecast,,,,,,
340.5586,2020,Qtr 3,September,1,No forecast,No forecast,No forecast,,,,,,
2600.1853,2020,Qtr 3,September,2,No forecast,No forecast,No forecast,,,,,,
199.4818,2020,Qtr 3,September,3,No forecast,No forecast,No forecast,,,,,,
224.4251,2020,Qtr 3,September,4,No forecast,No forecast,No forecast,,,,,,
-17.1944,2020,Qtr 3,September,5,No forecast,No forecast,No forecast,,,,,,
1248.2397,2020,Qtr 3,September,7,No forecast,No forecast,No forecast,,,,,,
-510.9671,2020,Qtr 3,September,8,No forecast,No forecast,No forecast,,,,,,
-152.8754,2020,Qtr 3,September,9,No forecast,No forecast,No forecast,,,,,,
-977.3219,2020,Qtr 3,September,10,No forecast,No forecast,No forecast,,,,,,
1032.8847,2020,Qtr 3,September,11,No forecast,No forecast,No forecast,,,,,,
219.391,2020,Qtr 3,September,12,No forecast,No forecast,No forecast,,,,,,
2.786,2020,Qtr 3,September,13,No forecast,No forecast,No forecast,,,,,,
474.3417,2020,Qtr 3,September,14,No forecast,No forecast,No forecast,,,,,,
1934.9693,2020,Qtr 3,September,15,No forecast,No forecast,No forecast,,,,,,
-335.6626,2020,Qtr 3,September,16,No forecast,No forecast,No forecast,,,,,,
769.2717,2020,Qtr 3,September,17,No forecast,No forecast,No forecast,,,,,,
501.5421,2020,Qtr 3,September,18,No forecast,No forecast,No forecast,,,,,,
53.9899,2020,Qtr 3,September,19,No forecast,No forecast,No forecast,,,,,,
1571.7964,2020,Qtr 3,September,20,No forecast,No forecast,No forecast,,,,,,
97.2069,2020,Qtr 3,September,21,No forecast,No forecast,No forecast,,,,,,
-145.5779,2020,Qtr 3,September,22,No forecast,No forecast,No forecast,,,,,,
115.1856,2020,Qtr 3,September,23,No forecast,No forecast,No forecast,,,,,,
1000.4615,2020,Qtr 3,September,24,No forecast,No forecast,No forecast,,,,,,
228.9978,2020,Qtr 3,September,25,No forecast,No forecast,No forecast,,,,,,
314.9023,2020,Qtr 3,September,26,No forecast,No forecast,No forecast,,,,,,
-46.3779,2020,Qtr 3,September,28,No forecast,No forecast,No forecast,,,,,,
39.5607,2020,Qtr 3,September,29,No forecast,No forecast,No forecast,,,,,,
207.3547,2020,Qtr 3,September,30,No forecast,No forecast,No forecast,,,,,,
1013.073,2020,Qtr 4,October,1,No forecast,No forecast,No forecast,,,,,,
-1095.5167,2020,Qtr 4,October,2,No forecast,No forecast,No forecast,,,,,,
943.3932,2020,Qtr 4,October,3,No forecast,No forecast,No forecast,,,,,,
8.5914,2020,Qtr 4,October,4,No forecast,No forecast,No forecast,,,,,,
1475.2477,2020,Qtr 4,October,5,No forecast,No forecast,No forecast,,,,,,
348.323,2020,Qtr 4,October,6,No forecast,No forecast,No forecast,,,,,,
218.4405,2020,Qtr 4,October,7,No forecast,No forecast,No forecast,,,,,,
148.0335,2020,Qtr 4,October,8,No forecast,No forecast,No forecast,,,,,,
-467.1381,2020,Qtr 4,October,9,No forecast,No forecast,No forecast,,,,,,
-47.8716,2020,Qtr 4,October,10,No forecast,No forecast,No forecast,,,,,,
526.1517,2020,Qtr 4,October,12,No forecast,No forecast,No forecast,,,,,,
2553.2419,2020,Qtr 4,October,13,No forecast,No forecast,No forecast,,,,,,
-28.5702,2020,Qtr 4,October,14,No forecast,No forecast,No forecast,,,,,,
230.1392,2020,Qtr 4,October,15,No forecast,No forecast,No forecast,,,,,,
-1100.3811,2020,Qtr 4,October,16,No forecast,No forecast,No forecast,,,,,,
23.0989,2020,Qtr 4,October,17,No forecast,No forecast,No forecast,,,,,,
-1430.7904,2020,Qtr 4,October,19,No forecast,No forecast,No forecast,,,,,,
135.7559,2020,Qtr 4,October,20,No forecast,No forecast,No forecast,,,,,,
444.7591,2020,Qtr 4,October,21,No forecast,No forecast,No forecast,,,,,,
4539.8266,2020,Qtr 4,October,22,No forecast,No forecast,No forecast,,,,,,
82.3213,2020,Qtr 4,October,23,No forecast,No forecast,No forecast,,,,,,
-76.0505,2020,Qtr 4,October,24,No forecast,No forecast,No forecast,,,,,,
107.7275,2020,Qtr 4,October,26,No forecast,No forecast,No forecast,,,,,,
103.8625,2020,Qtr 4,October,27,No forecast,No forecast,No forecast,,,,,,
36.1057,2020,Qtr 4,October,28,No forecast,No forecast,No forecast,,,,,,
22.5408,2020,Qtr 4,October,29,No forecast,No forecast,No forecast,,,,,,
518.9913,2020,Qtr 4,October,30,No forecast,No forecast,No forecast,,,,,,
41.9694,2020,Qtr 4,October,31,No forecast,No forecast,No forecast,,,,,,
358.8969,2020,Qtr 4,November,1,No forecast,No forecast,No forecast,,,,,,
929.1536,2020,Qtr 4,November,2,No forecast,No forecast,No forecast,,,,,,
675.2008,2020,Qtr 4,November,3,No forecast,No forecast,No forecast,,,,,,
-3987.2422,2020,Qtr 4,November,4,No forecast,No forecast,No forecast,,,,,,
525.4202,2020,Qtr 4,November,5,No forecast,No forecast,No forecast,,,,,,
562.9598,2020,Qtr 4,November,6,No forecast,No forecast,No forecast,,,,,,
119.6416,2020,Qtr 4,November,7,No forecast,No forecast,No forecast,,,,,,
145.392,2020,Qtr 4,November,8,No forecast,No forecast,No forecast,,,,,,
1219.0435,2020,Qtr 4,November,9,No forecast,No forecast,No forecast,,,,,,
-111.1302,2020,Qtr 4,November,10,No forecast,No forecast,No forecast,,,,,,
283.2476,2020,Qtr 4,November,11,No forecast,No forecast,No forecast,,,,,,
-37.835,2020,Qtr 4,November,12,No forecast,No forecast,No forecast,,,,,,
-398.4248,2020,Qtr 4,November,13,No forecast,No forecast,No forecast,,,,,,
31.0536,2020,Qtr 4,November,14,No forecast,No forecast,No forecast,,,,,,
55.016,2020,Qtr 4,November,15,No forecast,No forecast,No forecast,,,,,,
539.0093,2020,Qtr 4,November,16,No forecast,No forecast,No forecast,,,,,,
5895.3981,2020,Qtr 4,November,17,No forecast,No forecast,No forecast,,,,,,
253.8081,2020,Qtr 4,November,18,No forecast,No forecast,No forecast,,,,,,
-1659.0309,2020,Qtr 4,November,19,No forecast,No forecast,No forecast,,,,,,
555.2368,2020,Qtr 4,November,20,No forecast,No forecast,No forecast,,,,,,
301.3298,2020,Qtr 4,November,21,No forecast,No forecast,No forecast,,,,,,
2.232,2020,Qtr 4,November,22,No forecast,No forecast,No forecast,,,,,,
213.4873,2020,Qtr 4,November,23,No forecast,No forecast,No forecast,,,,,,
935.9258,2020,Qtr 4,November,24,No forecast,No forecast,No forecast,,,,,,
-58.5678,2020,Qtr 4,November,25,No forecast,No forecast,No forecast,,,,,,
1251.3574,2020,Qtr 4,November,26,No forecast,No forecast,No forecast,,,,,,
643.252,2020,Qtr 4,November,27,No forecast,No forecast,No forecast,,,,,,
328.9202,2020,Qtr 4,November,28,No forecast,No forecast,No forecast,,,,,,
67.831,2020,Qtr 4,November,29,No forecast,No forecast,No forecast,,,,,,
49.5212,2020,Qtr 4,November,30,No forecast,No forecast,No forecast,,,,,,
718.892,2020,Qtr 4,December,1,No forecast,No forecast,No forecast,,,,,,
-7.341,2020,Qtr 4,December,2,No forecast,No forecast,No forecast,,,,,,
280.7407,2020,Qtr 4,December,3,No forecast,No forecast,No forecast,,,,,,
-21.9881,2020,Qtr 4,December,4,No forecast,No forecast,No forecast,,,,,,
447.6235,2020,Qtr 4,December,5,No forecast,No forecast,No forecast,,,,,,
2.8836,2020,Qtr 4,December,6,No forecast,No forecast,No forecast,,,,,,
-2686.6673,2020,Qtr 4,December,7,No forecast,No forecast,No forecast,,,,,,
1154.6045,2020,Qtr 4,December,8,No forecast,No forecast,No forecast,,,,,,
1487.1418,2020,Qtr 4,December,9,No forecast,No forecast,No forecast,,,,,,
715.5696,2020,Qtr 4,December,10,No forecast,No forecast,No forecast,,,,,,
-82.4089,2020,Qtr 4,December,11,No forecast,No forecast,No forecast,,,,,,
99.2154,2020,Qtr 4,December,13,No forecast,No forecast,No forecast,,,,,,
215.25,2020,Qtr 4,December,14,No forecast,No forecast,No forecast,,,,,,
52.5946,2020,Qtr 4,December,15,No forecast,No forecast,No forecast,,,,,,
171.2212,2020,Qtr 4,December,16,No forecast,No forecast,No forecast,,,,,,
303.0905,2020,Qtr 4,December,17,No forecast,No forecast,No forecast,,,,,,
840.8157,2020,Qtr 4,December,18,No forecast,No forecast,No forecast,,,,,,
-152.4596,2020,Qtr 4,December,19,No forecast,No forecast,No forecast,,,,,,
176.9115,2020,Qtr 4,December,20,No forecast,No forecast,No forecast,,,,,,
570.7615,2020,Qtr 4,December,21,No forecast,No forecast,No forecast,,,,,,
957.1227,2020,Qtr 4,December,22,No forecast,No forecast,No forecast,,,,,,
284.0978,2020,Qtr 4,December,23,No forecast,No forecast,No forecast,,,,,,
1568.2397,2020,Qtr 4,December,24,No forecast,No forecast,No forecast,,,,,,
359.2003,2020,Qtr 4,December,25,No forecast,No forecast,No forecast,,,,,,
61.1202,2020,Qtr 4,December,26,No forecast,No forecast,No forecast,,,,,,
-31.9742,2020,Qtr 4,December,27,No forecast,No forecast,No forecast,,,,,,
253.1188,2020,Qtr 4,December,28,No forecast,No forecast,No forecast,,,,,,
644.4338,2020,Qtr 4,December,29,No forecast,No forecast,No forecast,,,,,,
101.5365,2020,Qtr 4,December,30,No forecast,No forecast,No forecast,,,,,,
-0.6048,2020,Qtr 4,December,31,'-0.6048,'-0.6048,'-0.6048,,,,,,
1810.275814,2021,Qtr 1,January,1,220.3244724,1810.275814,'-1369.6268695073159,,,,,,
1810.278994,2021,Qtr 1,January,2,220.3244724,1810.278994,'-1369.6300494068196,,,,,,
1810.282174,2021,Qtr 1,January,3,220.3244724,1810.282174,'-1369.6332292999637,,,,,,
1810.285354,2021,Qtr 1,January,4,220.3244724,1810.285354,'-1369.636409186748,,,,,,
1810.288534,2021,Qtr 1,January,5,220.3244724,1810.288534,'-1369.6395890671724,,,,,,
1810.291714,2021,Qtr 1,January,6,220.3244724,1810.291714,'-1369.6427689412376,,,,,,
1810.294894,2021,Qtr 1,January,7,220.3244724,1810.294894,'-1369.645948808943,,,,,,
1810.298073,2021,Qtr 1,January,8,220.3244724,1810.298073,'-1369.6491286702885,,,,,,
1810.301253,2021,Qtr 1,January,9,220.3244724,1810.301253,'-1369.6523085252752,,,,,,
1810.304433,2021,Qtr 1,January,10,220.3244724,1810.304433,'-1369.6554883739018,,,,,,
1810.307613,2021,Qtr 1,January,11,220.3244724,1810.307613,'-1369.6586682161692,,,,,,
1810.310793,2021,Qtr 1,January,12,220.3244724,1810.310793,'-1369.661848052077,,,,,,
1810.313973,2021,Qtr 1,January,13,220.3244724,1810.313973,'-1369.6650278816255,,,,,,
1810.317152,2021,Qtr 1,January,14,220.3244724,1810.317152,'-1369.668207704815,,,,,,
1810.320332,2021,Qtr 1,January,15,220.3244724,1810.320332,'-1369.6713875216446,,,,,,
,,,,,,,Confidence interval,95%,Forecasting of 15 days based on two year data,,,,
,,,,,,,sum of forecasting profit,27154.4711,,,,,
