Year,Quarter,Month,Day,Sum of Sales,forecastValue,confidenceHighBound,confidenceLowBound
2019,Qtr 1,January,1,73.94,Noforecast,Noforecast,Noforecast
2019,Qtr 1,January,2,405.92,Noforecast,Noforecast,Noforecast
2019,Qtr 1,January,3,2095.83,Noforecast,Noforecast,Noforecast
2019,Qtr 1,January,4,1069.22,Noforecast,Noforecast,Noforecast
2019,Qtr 1,January,5,255.904,Noforecast,Noforecast,Noforecast
2019,Qtr 1,January,7,83.576,Noforecast,Noforecast,Noforecast
2019,Qtr 1,January,8,1859.158,Noforecast,Noforecast,Noforecast
2019,Qtr 1,January,9,743.046,Noforecast,Noforecast,Noforecast
2019,Qtr 1,January,10,174.75,Noforecast,Noforecast,Noforecast
2019,Qtr 1,January,11,149.444,Noforecast,Noforecast,Noforecast
2019,Qtr 1,January,14,405.344,Noforecast,Noforecast,Noforecast
2019,Qtr 1,January,15,701.923,Noforecast,Noforecast,Noforecast
2019,Qtr 1,January,16,102.218,Noforecast,Noforecast,Noforecast
2019,Qtr 1,January,17,1040.55,Noforecast,Noforecast,Noforecast
2019,Qtr 1,January,21,1167.056,Noforecast,Noforecast,Noforecast
2019,Qtr 1,January,22,917.63,Noforecast,Noforecast,Noforecast
2019,Qtr 1,January,23,1732.3,Noforecast,Noforecast,Noforecast
2019,Qtr 1,January,24,31.36,Noforecast,Noforecast,Noforecast
2019,Qtr 1,January,25,858.712,Noforecast,Noforecast,Noforecast
2019,Qtr 1,January,28,39.68,Noforecast,Noforecast,Noforecast
2019,Qtr 1,January,30,3107.316,Noforecast,Noforecast,Noforecast
2019,Qtr 1,January,31,1601.554,Noforecast,Noforecast,Noforecast
2019,Qtr 1,February,1,1161.97,Noforecast,Noforecast,Noforecast
2019,Qtr 1,February,2,4996.784,Noforecast,Noforecast,Noforecast
2019,Qtr 1,February,3,866.4,Noforecast,Noforecast,Noforecast
2019,Qtr 1,February,4,197.868,Noforecast,Noforecast,Noforecast
2019,Qtr 1,February,5,2994.476,Noforecast,Noforecast,Noforecast
2019,Qtr 1,February,6,132.224,Noforecast,Noforecast,Noforecast
2019,Qtr 1,February,7,762.142,Noforecast,Noforecast,Noforecast
2019,Qtr 1,February,8,1369.476,Noforecast,Noforecast,Noforecast
2019,Qtr 1,February,9,121.83,Noforecast,Noforecast,Noforecast
2019,Qtr 1,February,11,69.93,Noforecast,Noforecast,Noforecast
2019,Qtr 1,February,12,1366.04,Noforecast,Noforecast,Noforecast
2019,Qtr 1,February,13,146.82,Noforecast,Noforecast,Noforecast
2019,Qtr 1,February,14,837.921,Noforecast,Noforecast,Noforecast
2019,Qtr 1,February,15,407.072,Noforecast,Noforecast,Noforecast
2019,Qtr 1,February,16,1135.638,Noforecast,Noforecast,Noforecast
2019,Qtr 1,February,19,392.66,Noforecast,Noforecast,Noforecast
2019,Qtr 1,February,20,16.496,Noforecast,Noforecast,Noforecast
2019,Qtr 1,February,21,1524.126,Noforecast,Noforecast,Noforecast
2019,Qtr 1,February,22,983.17,Noforecast,Noforecast,Noforecast
2019,Qtr 1,February,23,57.576,Noforecast,Noforecast,Noforecast
2019,Qtr 1,February,25,46.72,Noforecast,Noforecast,Noforecast
2019,Qtr 1,February,27,243.892,Noforecast,Noforecast,Noforecast
2019,Qtr 1,February,28,147.584,Noforecast,Noforecast,Noforecast
2019,Qtr 1,March,1,6285.806,Noforecast,Noforecast,Noforecast
2019,Qtr 1,March,3,7264.422,Noforecast,Noforecast,Noforecast
2019,Qtr 1,March,4,315.45,Noforecast,Noforecast,Noforecast
2019,Qtr 1,March,5,162.344,Noforecast,Noforecast,Noforecast
2019,Qtr 1,March,6,811.303,Noforecast,Noforecast,Noforecast
2019,Qtr 1,March,7,21.072,Noforecast,Noforecast,Noforecast
2019,Qtr 1,March,8,2190.81,Noforecast,Noforecast,Noforecast
2019,Qtr 1,March,9,635.6,Noforecast,Noforecast,Noforecast
2019,Qtr 1,March,10,7879.734,Noforecast,Noforecast,Noforecast
2019,Qtr 1,March,11,896.022,Noforecast,Noforecast,Noforecast
2019,Qtr 1,March,12,1694.642,Noforecast,Noforecast,Noforecast
2019,Qtr 1,March,13,8866.882,Noforecast,Noforecast,Noforecast
2019,Qtr 1,March,14,669.368,Noforecast,Noforecast,Noforecast
2019,Qtr 1,March,15,2356.808,Noforecast,Noforecast,Noforecast
2019,Qtr 1,March,17,2360.334,Noforecast,Noforecast,Noforecast
2019,Qtr 1,March,18,1061.682,Noforecast,Noforecast,Noforecast
2019,Qtr 1,March,19,138.68,Noforecast,Noforecast,Noforecast
2019,Qtr 1,March,20,928.311,Noforecast,Noforecast,Noforecast
2019,Qtr 1,March,21,645.706,Noforecast,Noforecast,Noforecast
2019,Qtr 1,March,22,226.468,Noforecast,Noforecast,Noforecast
2019,Qtr 1,March,24,745.774,Noforecast,Noforecast,Noforecast
2019,Qtr 1,March,25,1346.97,Noforecast,Noforecast,Noforecast
2019,Qtr 1,March,26,682.246,Noforecast,Noforecast,Noforecast
2019,Qtr 1,March,27,92.7,Noforecast,Noforecast,Noforecast
2019,Qtr 1,March,28,125.3,Noforecast,Noforecast,Noforecast
2019,Qtr 1,March,29,2659.339,Noforecast,Noforecast,Noforecast
2019,Qtr 1,March,30,11.34,Noforecast,Noforecast,Noforecast
2019,Qtr 1,March,31,640.762,Noforecast,Noforecast,Noforecast
2019,Qtr 2,April,1,2161.48,Noforecast,Noforecast,Noforecast
2019,Qtr 2,April,2,1454.9,Noforecast,Noforecast,Noforecast
2019,Qtr 2,April,3,441.198,Noforecast,Noforecast,Noforecast
2019,Qtr 2,April,4,970.194,Noforecast,Noforecast,Noforecast
2019,Qtr 2,April,5,1046.334,Noforecast,Noforecast,Noforecast
2019,Qtr 2,April,6,1294.75,Noforecast,Noforecast,Noforecast
2019,Qtr 2,April,7,1970.574,Noforecast,Noforecast,Noforecast
2019,Qtr 2,April,8,2906.404,Noforecast,Noforecast,Noforecast
2019,Qtr 2,April,9,1115.197,Noforecast,Noforecast,Noforecast
2019,Qtr 2,April,10,950.594,Noforecast,Noforecast,Noforecast
2019,Qtr 2,April,12,1542.53,Noforecast,Noforecast,Noforecast
2019,Qtr 2,April,13,6.12,Noforecast,Noforecast,Noforecast
2019,Qtr 2,April,14,1466.572,Noforecast,Noforecast,Noforecast
2019,Qtr 2,April,15,2201.856,Noforecast,Noforecast,Noforecast
2019,Qtr 2,April,16,9335.086,Noforecast,Noforecast,Noforecast
2019,Qtr 2,April,17,421.085,Noforecast,Noforecast,Noforecast
2019,Qtr 2,April,18,2514.538,Noforecast,Noforecast,Noforecast
2019,Qtr 2,April,19,1414.132,Noforecast,Noforecast,Noforecast
2019,Qtr 2,April,21,271.616,Noforecast,Noforecast,Noforecast
2019,Qtr 2,April,22,1765.465,Noforecast,Noforecast,Noforecast
2019,Qtr 2,April,23,720.368,Noforecast,Noforecast,Noforecast
2019,Qtr 2,April,24,1607.1,Noforecast,Noforecast,Noforecast
2019,Qtr 2,April,25,108.42,Noforecast,Noforecast,Noforecast
2019,Qtr 2,April,26,434.646,Noforecast,Noforecast,Noforecast
2019,Qtr 2,April,28,486.672,Noforecast,Noforecast,Noforecast
2019,Qtr 2,April,30,142.208,Noforecast,Noforecast,Noforecast
2019,Qtr 2,May,1,517.866,Noforecast,Noforecast,Noforecast
2019,Qtr 2,May,2,1098.136,Noforecast,Noforecast,Noforecast
2019,Qtr 2,May,3,1099.013,Noforecast,Noforecast,Noforecast
2019,Qtr 2,May,5,2701.28,Noforecast,Noforecast,Noforecast
2019,Qtr 2,May,6,236.96,Noforecast,Noforecast,Noforecast
2019,Qtr 2,May,7,4835.976,Noforecast,Noforecast,Noforecast
2019,Qtr 2,May,8,1340.244,Noforecast,Noforecast,Noforecast
2019,Qtr 2,May,9,1283.512,Noforecast,Noforecast,Noforecast
2019,Qtr 2,May,10,763.02,Noforecast,Noforecast,Noforecast
2019,Qtr 2,May,11,5.98,Noforecast,Noforecast,Noforecast
2019,Qtr 2,May,12,918.878,Noforecast,Noforecast,Noforecast
2019,Qtr 2,May,14,455.93,Noforecast,Noforecast,Noforecast
2019,Qtr 2,May,15,648.912,Noforecast,Noforecast,Noforecast
2019,Qtr 2,May,16,880.46,Noforecast,Noforecast,Noforecast
2019,Qtr 2,May,17,346.922,Noforecast,Noforecast,Noforecast
2019,Qtr 2,May,18,122.22,Noforecast,Noforecast,Noforecast
2019,Qtr 2,May,19,1582.008,Noforecast,Noforecast,Noforecast
2019,Qtr 2,May,20,2471.913,Noforecast,Noforecast,Noforecast
2019,Qtr 2,May,21,2718.214,Noforecast,Noforecast,Noforecast
2019,Qtr 2,May,22,1799.2,Noforecast,Noforecast,Noforecast
2019,Qtr 2,May,23,4560.978,Noforecast,Noforecast,Noforecast
2019,Qtr 2,May,24,277.756,Noforecast,Noforecast,Noforecast
2019,Qtr 2,May,25,1311.97,Noforecast,Noforecast,Noforecast
2019,Qtr 2,May,26,1975.356,Noforecast,Noforecast,Noforecast
2019,Qtr 2,May,27,5305.078,Noforecast,Noforecast,Noforecast
2019,Qtr 2,May,28,2137.324,Noforecast,Noforecast,Noforecast
2019,Qtr 2,May,29,1063.185,Noforecast,Noforecast,Noforecast
2019,Qtr 2,May,30,8090.578,Noforecast,Noforecast,Noforecast
2019,Qtr 2,May,31,438.859,Noforecast,Noforecast,Noforecast
2019,Qtr 2,June,2,157.844,Noforecast,Noforecast,Noforecast
2019,Qtr 2,June,3,71.088,Noforecast,Noforecast,Noforecast
2019,Qtr 2,June,4,2316.523,Noforecast,Noforecast,Noforecast
2019,Qtr 2,June,5,659.82,Noforecast,Noforecast,Noforecast
2019,Qtr 2,June,6,6026.312,Noforecast,Noforecast,Noforecast
2019,Qtr 2,June,7,51.562,Noforecast,Noforecast,Noforecast
2019,Qtr 2,June,9,1688.472,Noforecast,Noforecast,Noforecast
2019,Qtr 2,June,10,1412.396,Noforecast,Noforecast,Noforecast
2019,Qtr 2,June,11,1623.416,Noforecast,Noforecast,Noforecast
2019,Qtr 2,June,12,2962.563,Noforecast,Noforecast,Noforecast
2019,Qtr 2,June,13,430.438,Noforecast,Noforecast,Noforecast
2019,Qtr 2,June,14,3457.099,Noforecast,Noforecast,Noforecast
2019,Qtr 2,June,15,173.488,Noforecast,Noforecast,Noforecast
2019,Qtr 2,June,16,147.275,Noforecast,Noforecast,Noforecast
2019,Qtr 2,June,17,3000.92,Noforecast,Noforecast,Noforecast
2019,Qtr 2,June,18,541.938,Noforecast,Noforecast,Noforecast
2019,Qtr 2,June,19,17.12,Noforecast,Noforecast,Noforecast
2019,Qtr 2,June,20,1229.548,Noforecast,Noforecast,Noforecast
2019,Qtr 2,June,21,577.108,Noforecast,Noforecast,Noforecast
2019,Qtr 2,June,23,2475.094,Noforecast,Noforecast,Noforecast
2019,Qtr 2,June,24,5310.952,Noforecast,Noforecast,Noforecast
2019,Qtr 2,June,25,893.266,Noforecast,Noforecast,Noforecast
2019,Qtr 2,June,26,1919.6,Noforecast,Noforecast,Noforecast
2019,Qtr 2,June,27,778.706,Noforecast,Noforecast,Noforecast
2019,Qtr 2,June,28,877.156,Noforecast,Noforecast,Noforecast
2019,Qtr 2,June,29,191.88,Noforecast,Noforecast,Noforecast
2019,Qtr 2,June,30,1352.95,Noforecast,Noforecast,Noforecast
2019,Qtr 3,July,1,1724.376,Noforecast,Noforecast,Noforecast
2019,Qtr 3,July,2,772.786,Noforecast,Noforecast,Noforecast
2019,Qtr 3,July,3,847.7,Noforecast,Noforecast,Noforecast
2019,Qtr 3,July,4,1651.301,Noforecast,Noforecast,Noforecast
2019,Qtr 3,July,7,3882.231,Noforecast,Noforecast,Noforecast
2019,Qtr 3,July,8,2616.512,Noforecast,Noforecast,Noforecast
2019,Qtr 3,July,9,573.286,Noforecast,Noforecast,Noforecast
2019,Qtr 3,July,10,895.895,Noforecast,Noforecast,Noforecast
2019,Qtr 3,July,12,95.76,Noforecast,Noforecast,Noforecast
2019,Qtr 3,July,14,2149.96,Noforecast,Noforecast,Noforecast
2019,Qtr 3,July,15,380.2,Noforecast,Noforecast,Noforecast
2019,Qtr 3,July,16,910.17,Noforecast,Noforecast,Noforecast
2019,Qtr 3,July,17,2184.88,Noforecast,Noforecast,Noforecast
2019,Qtr 3,July,18,2891.858,Noforecast,Noforecast,Noforecast
2019,Qtr 3,July,19,1536.454,Noforecast,Noforecast,Noforecast
2019,Qtr 3,July,20,89.95,Noforecast,Noforecast,Noforecast
2019,Qtr 3,July,21,991.095,Noforecast,Noforecast,Noforecast
2019,Qtr 3,July,22,1368.048,Noforecast,Noforecast,Noforecast
2019,Qtr 3,July,23,654.587,Noforecast,Noforecast,Noforecast
2019,Qtr 3,July,24,326.964,Noforecast,Noforecast,Noforecast
2019,Qtr 3,July,25,5920.488,Noforecast,Noforecast,Noforecast
2019,Qtr 3,July,28,2033.374,Noforecast,Noforecast,Noforecast
2019,Qtr 3,July,29,819.154,Noforecast,Noforecast,Noforecast
2019,Qtr 3,July,30,1770.776,Noforecast,Noforecast,Noforecast
2019,Qtr 3,July,31,2174.158,Noforecast,Noforecast,Noforecast
2019,Qtr 3,August,1,1124.648,Noforecast,Noforecast,Noforecast
2019,Qtr 3,August,2,482.584,Noforecast,Noforecast,Noforecast
2019,Qtr 3,August,3,248.82,Noforecast,Noforecast,Noforecast
2019,Qtr 3,August,4,497.91,Noforecast,Noforecast,Noforecast
2019,Qtr 3,August,5,197.05,Noforecast,Noforecast,Noforecast
2019,Qtr 3,August,6,320.388,Noforecast,Noforecast,Noforecast
2019,Qtr 3,August,7,179.97,Noforecast,Noforecast,Noforecast
2019,Qtr 3,August,8,1115.204,Noforecast,Noforecast,Noforecast
2019,Qtr 3,August,9,661.354,Noforecast,Noforecast,Noforecast
2019,Qtr 3,August,11,151.82,Noforecast,Noforecast,Noforecast
2019,Qtr 3,August,12,3951.9605,Noforecast,Noforecast,Noforecast
2019,Qtr 3,August,13,731.524,Noforecast,Noforecast,Noforecast
2019,Qtr 3,August,14,923.688,Noforecast,Noforecast,Noforecast
2019,Qtr 3,August,15,1680.266,Noforecast,Noforecast,Noforecast
2019,Qtr 3,August,16,204.54,Noforecast,Noforecast,Noforecast
2019,Qtr 3,August,17,15.712,Noforecast,Noforecast,Noforecast
2019,Qtr 3,August,18,496.114,Noforecast,Noforecast,Noforecast
2019,Qtr 3,August,19,448.792,Noforecast,Noforecast,Noforecast
2019,Qtr 3,August,20,14.78,Noforecast,Noforecast,Noforecast
2019,Qtr 3,August,21,4798.292,Noforecast,Noforecast,Noforecast
2019,Qtr 3,August,22,405.35,Noforecast,Noforecast,Noforecast
2019,Qtr 3,August,23,4187.348,Noforecast,Noforecast,Noforecast
2019,Qtr 3,August,26,4874.298,Noforecast,Noforecast,Noforecast
2019,Qtr 3,August,27,767.911,Noforecast,Noforecast,Noforecast
2019,Qtr 3,August,28,322.0248,Noforecast,Noforecast,Noforecast
2019,Qtr 3,August,29,632.188,Noforecast,Noforecast,Noforecast
2019,Qtr 3,August,30,1656.87,Noforecast,Noforecast,Noforecast
2019,Qtr 3,August,31,23.968,Noforecast,Noforecast,Noforecast
2019,Qtr 3,September,1,5766.152,Noforecast,Noforecast,Noforecast
2019,Qtr 3,September,2,6792.193,Noforecast,Noforecast,Noforecast
2019,Qtr 3,September,3,2365.596,Noforecast,Noforecast,Noforecast
2019,Qtr 3,September,4,4532.042,Noforecast,Noforecast,Noforecast
2019,Qtr 3,September,5,5226.348,Noforecast,Noforecast,Noforecast
2019,Qtr 3,September,6,1313.536,Noforecast,Noforecast,Noforecast
2019,Qtr 3,September,8,4493.9836,Noforecast,Noforecast,Noforecast
2019,Qtr 3,September,9,84.992,Noforecast,Noforecast,Noforecast
2019,Qtr 3,September,10,2094.324,Noforecast,Noforecast,Noforecast
2019,Qtr 3,September,11,6501.586,Noforecast,Noforecast,Noforecast
2019,Qtr 3,September,12,2043.792,Noforecast,Noforecast,Noforecast
2019,Qtr 3,September,13,2374.73,Noforecast,Noforecast,Noforecast
2019,Qtr 3,September,14,1137.338,Noforecast,Noforecast,Noforecast
2019,Qtr 3,September,15,2101.182,Noforecast,Noforecast,Noforecast
2019,Qtr 3,September,16,425.886,Noforecast,Noforecast,Noforecast
2019,Qtr 3,September,17,2043.126,Noforecast,Noforecast,Noforecast
2019,Qtr 3,September,18,4751.082,Noforecast,Noforecast,Noforecast
2019,Qtr 3,September,19,3839.312,Noforecast,Noforecast,Noforecast
2019,Qtr 3,September,20,1232.004,Noforecast,Noforecast,Noforecast
2019,Qtr 3,September,22,615.57,Noforecast,Noforecast,Noforecast
2019,Qtr 3,September,23,1322.145,Noforecast,Noforecast,Noforecast
2019,Qtr 3,September,24,2286.05,Noforecast,Noforecast,Noforecast
2019,Qtr 3,September,25,3443.091,Noforecast,Noforecast,Noforecast
2019,Qtr 3,September,26,2698.1665,Noforecast,Noforecast,Noforecast
2019,Qtr 3,September,27,1992.9858,Noforecast,Noforecast,Noforecast
2019,Qtr 3,September,28,99.136,Noforecast,Noforecast,Noforecast
2019,Qtr 3,September,29,1307.792,Noforecast,Noforecast,Noforecast
2019,Qtr 3,September,30,525.884,Noforecast,Noforecast,Noforecast
2019,Qtr 4,October,1,781.414,Noforecast,Noforecast,Noforecast
2019,Qtr 4,October,2,1452.972,Noforecast,Noforecast,Noforecast
2019,Qtr 4,October,3,1680.696,Noforecast,Noforecast,Noforecast
2019,Qtr 4,October,4,5912.782,Noforecast,Noforecast,Noforecast
2019,Qtr 4,October,6,830.4,Noforecast,Noforecast,Noforecast
2019,Qtr 4,October,7,973.712,Noforecast,Noforecast,Noforecast
2019,Qtr 4,October,8,561.536,Noforecast,Noforecast,Noforecast
2019,Qtr 4,October,9,546.92,Noforecast,Noforecast,Noforecast
2019,Qtr 4,October,10,282.753,Noforecast,Noforecast,Noforecast
2019,Qtr 4,October,11,33.064,Noforecast,Noforecast,Noforecast
2019,Qtr 4,October,13,1650.618,Noforecast,Noforecast,Noforecast
2019,Qtr 4,October,14,3335.888,Noforecast,Noforecast,Noforecast
2019,Qtr 4,October,15,1620.15,Noforecast,Noforecast,Noforecast
2019,Qtr 4,October,16,142.182,Noforecast,Noforecast,Noforecast
2019,Qtr 4,October,17,2953.346,Noforecast,Noforecast,Noforecast
2019,Qtr 4,October,18,307.92,Noforecast,Noforecast,Noforecast
2019,Qtr 4,October,20,946.174,Noforecast,Noforecast,Noforecast
2019,Qtr 4,October,21,7951.592,Noforecast,Noforecast,Noforecast
2019,Qtr 4,October,22,188.28,Noforecast,Noforecast,Noforecast
2019,Qtr 4,October,23,467.422,Noforecast,Noforecast,Noforecast
2019,Qtr 4,October,24,1365.498,Noforecast,Noforecast,Noforecast
2019,Qtr 4,October,25,783.96,Noforecast,Noforecast,Noforecast
2019,Qtr 4,October,27,978.79,Noforecast,Noforecast,Noforecast
2019,Qtr 4,October,28,2899.021,Noforecast,Noforecast,Noforecast
2019,Qtr 4,October,29,131.154,Noforecast,Noforecast,Noforecast
2019,Qtr 4,October,30,159.002,Noforecast,Noforecast,Noforecast
2019,Qtr 4,October,31,3750.499,Noforecast,Noforecast,Noforecast
2019,Qtr 4,November,1,453.374,Noforecast,Noforecast,Noforecast
2019,Qtr 4,November,3,3802.796,Noforecast,Noforecast,Noforecast
2019,Qtr 4,November,4,3888.818,Noforecast,Noforecast,Noforecast
2019,Qtr 4,November,5,4266.8988,Noforecast,Noforecast,Noforecast
2019,Qtr 4,November,6,773.256,Noforecast,Noforecast,Noforecast
2019,Qtr 4,November,7,3810.464,Noforecast,Noforecast,Noforecast
2019,Qtr 4,November,8,993.9,Noforecast,Noforecast,Noforecast
2019,Qtr 4,November,9,479.97,Noforecast,Noforecast,Noforecast
2019,Qtr 4,November,10,4723.478,Noforecast,Noforecast,Noforecast
2019,Qtr 4,November,11,4944.296,Noforecast,Noforecast,Noforecast
2019,Qtr 4,November,12,4914.938,Noforecast,Noforecast,Noforecast
2019,Qtr 4,November,13,2945.138,Noforecast,Noforecast,Noforecast
2019,Qtr 4,November,14,2774.062,Noforecast,Noforecast,Noforecast
2019,Qtr 4,November,15,2145.718,Noforecast,Noforecast,Noforecast
2019,Qtr 4,November,16,36.72,Noforecast,Noforecast,Noforecast
2019,Qtr 4,November,17,142.684,Noforecast,Noforecast,Noforecast
2019,Qtr 4,November,18,3958.932,Noforecast,Noforecast,Noforecast
2019,Qtr 4,November,19,638.462,Noforecast,Noforecast,Noforecast
2019,Qtr 4,November,20,3070.333,Noforecast,Noforecast,Noforecast
2019,Qtr 4,November,21,1176.891,Noforecast,Noforecast,Noforecast
2019,Qtr 4,November,22,317.044,Noforecast,Noforecast,Noforecast
2019,Qtr 4,November,23,100.616,Noforecast,Noforecast,Noforecast
2019,Qtr 4,November,24,6394.538,Noforecast,Noforecast,Noforecast
2019,Qtr 4,November,25,7978.551,Noforecast,Noforecast,Noforecast
2019,Qtr 4,November,26,8329.743,Noforecast,Noforecast,Noforecast
2019,Qtr 4,November,27,1651.239,Noforecast,Noforecast,Noforecast
2019,Qtr 4,November,28,3428.372,Noforecast,Noforecast,Noforecast
2019,Qtr 4,November,29,300.592,Noforecast,Noforecast,Noforecast
2019,Qtr 4,November,30,970.142,Noforecast,Noforecast,Noforecast
2019,Qtr 4,December,1,6365.455,Noforecast,Noforecast,Noforecast
2019,Qtr 4,December,2,1984.616,Noforecast,Noforecast,Noforecast
2019,Qtr 4,December,3,5269.816,Noforecast,Noforecast,Noforecast
2019,Qtr 4,December,4,944.286,Noforecast,Noforecast,Noforecast
2019,Qtr 4,December,5,4267.004,Noforecast,Noforecast,Noforecast
2019,Qtr 4,December,6,3878.276,Noforecast,Noforecast,Noforecast
2019,Qtr 4,December,8,3709.095,Noforecast,Noforecast,Noforecast
2019,Qtr 4,December,9,1855.483,Noforecast,Noforecast,Noforecast
2019,Qtr 4,December,10,3459.71,Noforecast,Noforecast,Noforecast
2019,Qtr 4,December,11,6102.25,Noforecast,Noforecast,Noforecast
2019,Qtr 4,December,12,1981.115,Noforecast,Noforecast,Noforecast
2019,Qtr 4,December,13,1194.088,Noforecast,Noforecast,Noforecast
2019,Qtr 4,December,14,828.654,Noforecast,Noforecast,Noforecast
2019,Qtr 4,December,15,2637.087,Noforecast,Noforecast,Noforecast
2019,Qtr 4,December,16,628.542,Noforecast,Noforecast,Noforecast
2019,Qtr 4,December,17,4185.134,Noforecast,Noforecast,Noforecast
2019,Qtr 4,December,18,7051.35,Noforecast,Noforecast,Noforecast
2019,Qtr 4,December,19,815.112,Noforecast,Noforecast,Noforecast
2019,Qtr 4,December,20,134.54,Noforecast,Noforecast,Noforecast
2019,Qtr 4,December,22,1043.128,Noforecast,Noforecast,Noforecast
2019,Qtr 4,December,23,5065.857,Noforecast,Noforecast,Noforecast
2019,Qtr 4,December,24,1938.26,Noforecast,Noforecast,Noforecast
2019,Qtr 4,December,25,7488.055,Noforecast,Noforecast,Noforecast
2019,Qtr 4,December,26,1829.418,Noforecast,Noforecast,Noforecast
2019,Qtr 4,December,27,959.49,Noforecast,Noforecast,Noforecast
2019,Qtr 4,December,29,1277.68,Noforecast,Noforecast,Noforecast
2019,Qtr 4,December,30,773.774,Noforecast,Noforecast,Noforecast
2019,Qtr 4,December,31,731.768,Noforecast,Noforecast,Noforecast
2020,Qtr 1,January,1,2162.828,Noforecast,Noforecast,Noforecast
2020,Qtr 1,January,2,2632.554,Noforecast,Noforecast,Noforecast
2020,Qtr 1,January,3,2319.272,Noforecast,Noforecast,Noforecast
2020,Qtr 1,January,6,147.74,Noforecast,Noforecast,Noforecast
2020,Qtr 1,January,7,3742.59,Noforecast,Noforecast,Noforecast
2020,Qtr 1,January,8,930.98,Noforecast,Noforecast,Noforecast
2020,Qtr 1,January,9,311.491,Noforecast,Noforecast,Noforecast
2020,Qtr 1,January,12,1190.52,Noforecast,Noforecast,Noforecast
2020,Qtr 1,January,13,4833.33,Noforecast,Noforecast,Noforecast
2020,Qtr 1,January,14,2513.038,Noforecast,Noforecast,Noforecast
2020,Qtr 1,January,15,2802.28,Noforecast,Noforecast,Noforecast
2020,Qtr 1,January,16,6542.292,Noforecast,Noforecast,Noforecast
2020,Qtr 1,January,19,2616.715,Noforecast,Noforecast,Noforecast
2020,Qtr 1,January,20,1199.838,Noforecast,Noforecast,Noforecast
2020,Qtr 1,January,21,3198.643,Noforecast,Noforecast,Noforecast
2020,Qtr 1,January,22,4656.372,Noforecast,Noforecast,Noforecast
2020,Qtr 1,January,23,965.334,Noforecast,Noforecast,Noforecast
2020,Qtr 1,January,24,691.666,Noforecast,Noforecast,Noforecast
2020,Qtr 1,January,26,3524.28,Noforecast,Noforecast,Noforecast
2020,Qtr 1,January,27,573.914,Noforecast,Noforecast,Noforecast
2020,Qtr 1,January,28,1184.52,Noforecast,Noforecast,Noforecast
2020,Qtr 1,January,29,1193.842,Noforecast,Noforecast,Noforecast
2020,Qtr 1,January,30,4829.335,Noforecast,Noforecast,Noforecast
2020,Qtr 1,February,2,5652.354,Noforecast,Noforecast,Noforecast
2020,Qtr 1,February,3,5458.327,Noforecast,Noforecast,Noforecast
2020,Qtr 1,February,4,138.67,Noforecast,Noforecast,Noforecast
2020,Qtr 1,February,5,4573.012,Noforecast,Noforecast,Noforecast
2020,Qtr 1,February,6,1155.354,Noforecast,Noforecast,Noforecast
2020,Qtr 1,February,9,3201.764,Noforecast,Noforecast,Noforecast
2020,Qtr 1,February,10,2185.103,Noforecast,Noforecast,Noforecast
2020,Qtr 1,February,11,3054.516,Noforecast,Noforecast,Noforecast
2020,Qtr 1,February,13,2351.43,Noforecast,Noforecast,Noforecast
2020,Qtr 1,February,16,2731.442,Noforecast,Noforecast,Noforecast
2020,Qtr 1,February,17,3714.8174,Noforecast,Noforecast,Noforecast
2020,Qtr 1,February,18,429.326,Noforecast,Noforecast,Noforecast
2020,Qtr 1,February,19,2336.59,Noforecast,Noforecast,Noforecast
2020,Qtr 1,February,20,4718.29,Noforecast,Noforecast,Noforecast
2020,Qtr 1,February,21,973.904,Noforecast,Noforecast,Noforecast
2020,Qtr 1,February,23,1632.8,Noforecast,Noforecast,Noforecast
2020,Qtr 1,February,24,1619.676,Noforecast,Noforecast,Noforecast
2020,Qtr 1,February,25,1006.492,Noforecast,Noforecast,Noforecast
2020,Qtr 1,February,26,3270.646,Noforecast,Noforecast,Noforecast
2020,Qtr 1,February,28,1863.62,Noforecast,Noforecast,Noforecast
2020,Qtr 1,March,2,2116.126,Noforecast,Noforecast,Noforecast
2020,Qtr 1,March,3,2277.104,Noforecast,Noforecast,Noforecast
2020,Qtr 1,March,4,715.822,Noforecast,Noforecast,Noforecast
2020,Qtr 1,March,5,1817.02,Noforecast,Noforecast,Noforecast
2020,Qtr 1,March,6,1631.236,Noforecast,Noforecast,Noforecast
2020,Qtr 1,March,7,374.59,Noforecast,Noforecast,Noforecast
2020,Qtr 1,March,8,1055.1,Noforecast,Noforecast,Noforecast
2020,Qtr 1,March,9,869.804,Noforecast,Noforecast,Noforecast
2020,Qtr 1,March,10,1952.952,Noforecast,Noforecast,Noforecast
2020,Qtr 1,March,11,2386.708,Noforecast,Noforecast,Noforecast
2020,Qtr 1,March,12,499.28,Noforecast,Noforecast,Noforecast
2020,Qtr 1,March,13,6049.35,Noforecast,Noforecast,Noforecast
2020,Qtr 1,March,14,121.616,Noforecast,Noforecast,Noforecast
2020,Qtr 1,March,16,2945.381,Noforecast,Noforecast,Noforecast
2020,Qtr 1,March,17,1633.746,Noforecast,Noforecast,Noforecast
2020,Qtr 1,March,18,1726.758,Noforecast,Noforecast,Noforecast
2020,Qtr 1,March,19,2996.248,Noforecast,Noforecast,Noforecast
2020,Qtr 1,March,20,1289.568,Noforecast,Noforecast,Noforecast
2020,Qtr 1,March,21,4235.636,Noforecast,Noforecast,Noforecast
2020,Qtr 1,March,23,4740.068,Noforecast,Noforecast,Noforecast
2020,Qtr 1,March,24,1628.298,Noforecast,Noforecast,Noforecast
2020,Qtr 1,March,25,4251.026,Noforecast,Noforecast,Noforecast
2020,Qtr 1,March,26,3830.88,Noforecast,Noforecast,Noforecast
2020,Qtr 1,March,27,3855.516,Noforecast,Noforecast,Noforecast
2020,Qtr 1,March,28,2153.702,Noforecast,Noforecast,Noforecast
2020,Qtr 1,March,29,163.4,Noforecast,Noforecast,Noforecast
2020,Qtr 1,March,30,1021.407,Noforecast,Noforecast,Noforecast
2020,Qtr 1,March,31,5891.0108,Noforecast,Noforecast,Noforecast
2020,Qtr 2,April,1,6741.988,Noforecast,Noforecast,Noforecast
2020,Qtr 2,April,2,1189.97,Noforecast,Noforecast,Noforecast
2020,Qtr 2,April,3,192.528,Noforecast,Noforecast,Noforecast
2020,Qtr 2,April,4,1162.47,Noforecast,Noforecast,Noforecast
2020,Qtr 2,April,6,261.42,Noforecast,Noforecast,Noforecast
2020,Qtr 2,April,7,2278.2905,Noforecast,Noforecast,Noforecast
2020,Qtr 2,April,8,6749.93,Noforecast,Noforecast,Noforecast
2020,Qtr 2,April,9,2484.71,Noforecast,Noforecast,Noforecast
2020,Qtr 2,April,10,1470.529,Noforecast,Noforecast,Noforecast
2020,Qtr 2,April,11,928.806,Noforecast,Noforecast,Noforecast
2020,Qtr 2,April,12,306.66,Noforecast,Noforecast,Noforecast
2020,Qtr 2,April,13,1585.824,Noforecast,Noforecast,Noforecast
2020,Qtr 2,April,14,1199.93,Noforecast,Noforecast,Noforecast
2020,Qtr 2,April,15,744.338,Noforecast,Noforecast,Noforecast
2020,Qtr 2,April,16,1705.429,Noforecast,Noforecast,Noforecast
2020,Qtr 2,April,17,4474.459,Noforecast,Noforecast,Noforecast
2020,Qtr 2,April,20,2905.24,Noforecast,Noforecast,Noforecast
2020,Qtr 2,April,21,1785.564,Noforecast,Noforecast,Noforecast
2020,Qtr 2,April,22,1063.692,Noforecast,Noforecast,Noforecast
2020,Qtr 2,April,23,2229.222,Noforecast,Noforecast,Noforecast
2020,Qtr 2,April,24,1499.558,Noforecast,Noforecast,Noforecast
2020,Qtr 2,April,25,1284.113,Noforecast,Noforecast,Noforecast
2020,Qtr 2,April,26,335.608,Noforecast,Noforecast,Noforecast
2020,Qtr 2,April,27,998.5756,Noforecast,Noforecast,Noforecast
2020,Qtr 2,April,28,1141.296,Noforecast,Noforecast,Noforecast
2020,Qtr 2,April,29,1195.26,Noforecast,Noforecast,Noforecast
2020,Qtr 2,April,30,2892.126,Noforecast,Noforecast,Noforecast
2020,Qtr 2,May,1,5415.37,Noforecast,Noforecast,Noforecast
2020,Qtr 2,May,2,738.11,Noforecast,Noforecast,Noforecast
2020,Qtr 2,May,3,2167.346,Noforecast,Noforecast,Noforecast
2020,Qtr 2,May,4,2172.405,Noforecast,Noforecast,Noforecast
2020,Qtr 2,May,5,784.123,Noforecast,Noforecast,Noforecast
2020,Qtr 2,May,6,3890.3698,Noforecast,Noforecast,Noforecast
2020,Qtr 2,May,7,2945.468,Noforecast,Noforecast,Noforecast
2020,Qtr 2,May,8,3986.554,Noforecast,Noforecast,Noforecast
2020,Qtr 2,May,9,1338.222,Noforecast,Noforecast,Noforecast
2020,Qtr 2,May,11,1113.469,Noforecast,Noforecast,Noforecast
2020,Qtr 2,May,12,1890.384,Noforecast,Noforecast,Noforecast
2020,Qtr 2,May,13,3480.378,Noforecast,Noforecast,Noforecast
2020,Qtr 2,May,14,5737.062,Noforecast,Noforecast,Noforecast
2020,Qtr 2,May,15,1167.264,Noforecast,Noforecast,Noforecast
2020,Qtr 2,May,16,237.024,Noforecast,Noforecast,Noforecast
2020,Qtr 2,May,18,3157.508,Noforecast,Noforecast,Noforecast
2020,Qtr 2,May,19,5961.182,Noforecast,Noforecast,Noforecast
2020,Qtr 2,May,20,3881.578,Noforecast,Noforecast,Noforecast
2020,Qtr 2,May,21,636.02,Noforecast,Noforecast,Noforecast
2020,Qtr 2,May,22,921.562,Noforecast,Noforecast,Noforecast
2020,Qtr 2,May,23,686.436,Noforecast,Noforecast,Noforecast
2020,Qtr 2,May,25,1342.026,Noforecast,Noforecast,Noforecast
2020,Qtr 2,May,26,583.24,Noforecast,Noforecast,Noforecast
2020,Qtr 2,May,27,2869.908,Noforecast,Noforecast,Noforecast
2020,Qtr 2,May,28,2097.103,Noforecast,Noforecast,Noforecast
2020,Qtr 2,May,29,3338.108,Noforecast,Noforecast,Noforecast
2020,Qtr 2,May,30,4211.8904,Noforecast,Noforecast,Noforecast
2020,Qtr 2,June,1,5836.362,Noforecast,Noforecast,Noforecast
2020,Qtr 2,June,2,742.706,Noforecast,Noforecast,Noforecast
2020,Qtr 2,June,3,4053.036,Noforecast,Noforecast,Noforecast
2020,Qtr 2,June,4,1034.414,Noforecast,Noforecast,Noforecast
2020,Qtr 2,June,5,639.112,Noforecast,Noforecast,Noforecast
2020,Qtr 2,June,6,226.35,Noforecast,Noforecast,Noforecast
2020,Qtr 2,June,8,3109.038,Noforecast,Noforecast,Noforecast
2020,Qtr 2,June,9,1295.133,Noforecast,Noforecast,Noforecast
2020,Qtr 2,June,10,3462.343,Noforecast,Noforecast,Noforecast
2020,Qtr 2,June,11,2476.894,Noforecast,Noforecast,Noforecast
2020,Qtr 2,June,12,2450.968,Noforecast,Noforecast,Noforecast
2020,Qtr 2,June,13,1381.018,Noforecast,Noforecast,Noforecast
2020,Qtr 2,June,15,4931.51,Noforecast,Noforecast,Noforecast
2020,Qtr 2,June,16,3671.194,Noforecast,Noforecast,Noforecast
2020,Qtr 2,June,17,4601.672,Noforecast,Noforecast,Noforecast
2020,Qtr 2,June,18,1228.1555,Noforecast,Noforecast,Noforecast
2020,Qtr 2,June,19,3133.941,Noforecast,Noforecast,Noforecast
2020,Qtr 2,June,20,1691.228,Noforecast,Noforecast,Noforecast
2020,Qtr 2,June,21,966.656,Noforecast,Noforecast,Noforecast
2020,Qtr 2,June,22,1102.019,Noforecast,Noforecast,Noforecast
2020,Qtr 2,June,24,1853.614,Noforecast,Noforecast,Noforecast
2020,Qtr 2,June,25,1854.352,Noforecast,Noforecast,Noforecast
2020,Qtr 2,June,26,4934.136,Noforecast,Noforecast,Noforecast
2020,Qtr 2,June,27,1941.906,Noforecast,Noforecast,Noforecast
2020,Qtr 2,June,29,5414.9912,Noforecast,Noforecast,Noforecast
2020,Qtr 2,June,30,5209.977,Noforecast,Noforecast,Noforecast
2020,Qtr 3,July,1,796.83,Noforecast,Noforecast,Noforecast
2020,Qtr 3,July,2,320.192,Noforecast,Noforecast,Noforecast
2020,Qtr 3,July,3,8148.404,Noforecast,Noforecast,Noforecast
2020,Qtr 3,July,5,927.354,Noforecast,Noforecast,Noforecast
2020,Qtr 3,July,6,642.378,Noforecast,Noforecast,Noforecast
2020,Qtr 3,July,7,2269.25,Noforecast,Noforecast,Noforecast
2020,Qtr 3,July,8,3374.264,Noforecast,Noforecast,Noforecast
2020,Qtr 3,July,9,2114.214,Noforecast,Noforecast,Noforecast
2020,Qtr 3,July,10,570.214,Noforecast,Noforecast,Noforecast
2020,Qtr 3,July,11,2179.892,Noforecast,Noforecast,Noforecast
2020,Qtr 3,July,12,89.816,Noforecast,Noforecast,Noforecast
2020,Qtr 3,July,13,699.542,Noforecast,Noforecast,Noforecast
2020,Qtr 3,July,14,4349.934,Noforecast,Noforecast,Noforecast
2020,Qtr 3,July,15,2836.229,Noforecast,Noforecast,Noforecast
2020,Qtr 3,July,16,497.636,Noforecast,Noforecast,Noforecast
2020,Qtr 3,July,17,2714.873,Noforecast,Noforecast,Noforecast
2020,Qtr 3,July,18,2559.794,Noforecast,Noforecast,Noforecast
2020,Qtr 3,July,20,3040.208,Noforecast,Noforecast,Noforecast
2020,Qtr 3,July,21,5170.944,Noforecast,Noforecast,Noforecast
2020,Qtr 3,July,22,674.314,Noforecast,Noforecast,Noforecast
2020,Qtr 3,July,23,1665.188,Noforecast,Noforecast,Noforecast
2020,Qtr 3,July,24,2441.96,Noforecast,Noforecast,Noforecast
2020,Qtr 3,July,25,1465.742,Noforecast,Noforecast,Noforecast
2020,Qtr 3,July,26,2091.302,Noforecast,Noforecast,Noforecast
2020,Qtr 3,July,27,1661.68,Noforecast,Noforecast,Noforecast
2020,Qtr 3,July,28,1443.564,Noforecast,Noforecast,Noforecast
2020,Qtr 3,July,29,2109.294,Noforecast,Noforecast,Noforecast
2020,Qtr 3,July,30,762.376,Noforecast,Noforecast,Noforecast
2020,Qtr 3,July,31,2460.028,Noforecast,Noforecast,Noforecast
2020,Qtr 3,August,1,2379.65,Noforecast,Noforecast,Noforecast
2020,Qtr 3,August,3,1032.348,Noforecast,Noforecast,Noforecast
2020,Qtr 3,August,4,364.07,Noforecast,Noforecast,Noforecast
2020,Qtr 3,August,5,765.676,Noforecast,Noforecast,Noforecast
2020,Qtr 3,August,6,1808.026,Noforecast,Noforecast,Noforecast
2020,Qtr 3,August,7,4430.624,Noforecast,Noforecast,Noforecast
2020,Qtr 3,August,10,2001.07,Noforecast,Noforecast,Noforecast
2020,Qtr 3,August,11,1154.726,Noforecast,Noforecast,Noforecast
2020,Qtr 3,August,12,4383.084,Noforecast,Noforecast,Noforecast
2020,Qtr 3,August,13,3669.164,Noforecast,Noforecast,Noforecast
2020,Qtr 3,August,14,702.736,Noforecast,Noforecast,Noforecast
2020,Qtr 3,August,15,2123.872,Noforecast,Noforecast,Noforecast
2020,Qtr 3,August,16,265.564,Noforecast,Noforecast,Noforecast
2020,Qtr 3,August,17,10593.288,Noforecast,Noforecast,Noforecast
2020,Qtr 3,August,18,8140.484,Noforecast,Noforecast,Noforecast
2020,Qtr 3,August,19,740.446,Noforecast,Noforecast,Noforecast
2020,Qtr 3,August,20,1178.95,Noforecast,Noforecast,Noforecast
2020,Qtr 3,August,21,10009.054,Noforecast,Noforecast,Noforecast
2020,Qtr 3,August,22,620.54,Noforecast,Noforecast,Noforecast
2020,Qtr 3,August,23,4969.344,Noforecast,Noforecast,Noforecast
2020,Qtr 3,August,24,1069.056,Noforecast,Noforecast,Noforecast
2020,Qtr 3,August,25,800.988,Noforecast,Noforecast,Noforecast
2020,Qtr 3,August,26,443.66,Noforecast,Noforecast,Noforecast
2020,Qtr 3,August,27,7341.538,Noforecast,Noforecast,Noforecast
2020,Qtr 3,August,28,2007.632,Noforecast,Noforecast,Noforecast
2020,Qtr 3,August,29,596.468,Noforecast,Noforecast,Noforecast
2020,Qtr 3,August,31,3746.83,Noforecast,Noforecast,Noforecast
2020,Qtr 3,September,1,1672.81,Noforecast,Noforecast,Noforecast
2020,Qtr 3,September,2,11778.854,Noforecast,Noforecast,Noforecast
2020,Qtr 3,September,3,2309.849,Noforecast,Noforecast,Noforecast
2020,Qtr 3,September,4,7521.202,Noforecast,Noforecast,Noforecast
2020,Qtr 3,September,5,642.044,Noforecast,Noforecast,Noforecast
2020,Qtr 3,September,7,5328.565,Noforecast,Noforecast,Noforecast
2020,Qtr 3,September,8,2948.327,Noforecast,Noforecast,Noforecast
2020,Qtr 3,September,9,6631.061,Noforecast,Noforecast,Noforecast
2020,Qtr 3,September,10,3710.646,Noforecast,Noforecast,Noforecast
2020,Qtr 3,September,11,7061.006,Noforecast,Noforecast,Noforecast
2020,Qtr 3,September,12,1008.55,Noforecast,Noforecast,Noforecast
2020,Qtr 3,September,13,130.92,Noforecast,Noforecast,Noforecast
2020,Qtr 3,September,14,5467.347,Noforecast,Noforecast,Noforecast
2020,Qtr 3,September,15,8923.026,Noforecast,Noforecast,Noforecast
2020,Qtr 3,September,16,2010.65,Noforecast,Noforecast,Noforecast
2020,Qtr 3,September,17,6093.226,Noforecast,Noforecast,Noforecast
2020,Qtr 3,September,18,3049.93,Noforecast,Noforecast,Noforecast
2020,Qtr 3,September,19,2671.188,Noforecast,Noforecast,Noforecast
2020,Qtr 3,September,20,8262.918,Noforecast,Noforecast,Noforecast
2020,Qtr 3,September,21,1073.172,Noforecast,Noforecast,Noforecast
2020,Qtr 3,September,22,9438.213,Noforecast,Noforecast,Noforecast
2020,Qtr 3,September,23,3837.786,Noforecast,Noforecast,Noforecast
2020,Qtr 3,September,24,7989.462,Noforecast,Noforecast,Noforecast
2020,Qtr 3,September,25,2384.213,Noforecast,Noforecast,Noforecast
2020,Qtr 3,September,26,1983.576,Noforecast,Noforecast,Noforecast
2020,Qtr 3,September,28,1355.271,Noforecast,Noforecast,Noforecast
2020,Qtr 3,September,29,3466.08,Noforecast,Noforecast,Noforecast
2020,Qtr 3,September,30,1053.76,Noforecast,Noforecast,Noforecast
2020,Qtr 4,October,1,3600.466,Noforecast,Noforecast,Noforecast
2020,Qtr 4,October,2,7380.022,Noforecast,Noforecast,Noforecast
2020,Qtr 4,October,3,3166.48,Noforecast,Noforecast,Noforecast
2020,Qtr 4,October,4,136.98,Noforecast,Noforecast,Noforecast
2020,Qtr 4,October,5,7656.616,Noforecast,Noforecast,Noforecast
2020,Qtr 4,October,6,2278.652,Noforecast,Noforecast,Noforecast
2020,Qtr 4,October,7,3329.21,Noforecast,Noforecast,Noforecast
2020,Qtr 4,October,8,1028.356,Noforecast,Noforecast,Noforecast
2020,Qtr 4,October,9,2434.589,Noforecast,Noforecast,Noforecast
2020,Qtr 4,October,10,249.358,Noforecast,Noforecast,Noforecast
2020,Qtr 4,October,12,6847.354,Noforecast,Noforecast,Noforecast
2020,Qtr 4,October,13,9368.802,Noforecast,Noforecast,Noforecast
2020,Qtr 4,October,14,649.332,Noforecast,Noforecast,Noforecast
2020,Qtr 4,October,15,1589.94,Noforecast,Noforecast,Noforecast
2020,Qtr 4,October,16,3754.597,Noforecast,Noforecast,Noforecast
2020,Qtr 4,October,17,577.352,Noforecast,Noforecast,Noforecast
2020,Qtr 4,October,19,4151.8702,Noforecast,Noforecast,Noforecast
2020,Qtr 4,October,20,2638.858,Noforecast,Noforecast,Noforecast
2020,Qtr 4,October,21,5937.201,Noforecast,Noforecast,Noforecast
2020,Qtr 4,October,22,5492.877,Noforecast,Noforecast,Noforecast
2020,Qtr 4,October,23,4656.394,Noforecast,Noforecast,Noforecast
2020,Qtr 4,October,24,669.085,Noforecast,Noforecast,Noforecast
2020,Qtr 4,October,26,1700.868,Noforecast,Noforecast,Noforecast
2020,Qtr 4,October,27,1967.32,Noforecast,Noforecast,Noforecast
2020,Qtr 4,October,28,1110.726,Noforecast,Noforecast,Noforecast
2020,Qtr 4,October,29,146.96,Noforecast,Noforecast,Noforecast
2020,Qtr 4,October,30,5649.73,Noforecast,Noforecast,Noforecast
2020,Qtr 4,October,31,726.928,Noforecast,Noforecast,Noforecast
2020,Qtr 4,November,1,3247.43,Noforecast,Noforecast,Noforecast
2020,Qtr 4,November,2,8138.386,Noforecast,Noforecast,Noforecast
2020,Qtr 4,November,3,6320.937,Noforecast,Noforecast,Noforecast
2020,Qtr 4,November,4,6762.096,Noforecast,Noforecast,Noforecast
2020,Qtr 4,November,5,3250.064,Noforecast,Noforecast,Noforecast
2020,Qtr 4,November,6,6473.75,Noforecast,Noforecast,Noforecast
2020,Qtr 4,November,7,2988.378,Noforecast,Noforecast,Noforecast
2020,Qtr 4,November,8,411.1,Noforecast,Noforecast,Noforecast
2020,Qtr 4,November,9,2379.492,Noforecast,Noforecast,Noforecast
2020,Qtr 4,November,10,4758.548,Noforecast,Noforecast,Noforecast
2020,Qtr 4,November,11,2994.218,Noforecast,Noforecast,Noforecast
2020,Qtr 4,November,12,5225.386,Noforecast,Noforecast,Noforecast
2020,Qtr 4,November,13,7955.4202,Noforecast,Noforecast,Noforecast
2020,Qtr 4,November,14,1554.658,Noforecast,Noforecast,Noforecast
2020,Qtr 4,November,15,621.2,Noforecast,Noforecast,Noforecast
2020,Qtr 4,November,16,5804.234,Noforecast,Noforecast,Noforecast
2020,Qtr 4,November,17,9676.8828,Noforecast,Noforecast,Noforecast
2020,Qtr 4,November,18,3273.756,Noforecast,Noforecast,Noforecast
2020,Qtr 4,November,19,8355.272,Noforecast,Noforecast,Noforecast
2020,Qtr 4,November,20,4110.274,Noforecast,Noforecast,Noforecast
2020,Qtr 4,November,21,3492.184,Noforecast,Noforecast,Noforecast
2020,Qtr 4,November,22,207.712,Noforecast,Noforecast,Noforecast
2020,Qtr 4,November,23,2417.109,Noforecast,Noforecast,Noforecast
2020,Qtr 4,November,24,6661.641,Noforecast,Noforecast,Noforecast
2020,Qtr 4,November,25,4556.157,Noforecast,Noforecast,Noforecast
2020,Qtr 4,November,26,5817.172,Noforecast,Noforecast,Noforecast
2020,Qtr 4,November,27,2442.254,Noforecast,Noforecast,Noforecast
2020,Qtr 4,November,28,3216.944,Noforecast,Noforecast,Noforecast
2020,Qtr 4,November,29,532.888,Noforecast,Noforecast,Noforecast
2020,Qtr 4,November,30,7315.282,Noforecast,Noforecast,Noforecast
2020,Qtr 4,December,1,7633.178,Noforecast,Noforecast,Noforecast
2020,Qtr 4,December,2,7281.182,Noforecast,Noforecast,Noforecast
2020,Qtr 4,December,3,3044.842,Noforecast,Noforecast,Noforecast
2020,Qtr 4,December,4,3779.638,Noforecast,Noforecast,Noforecast
2020,Qtr 4,December,5,2847.136,Noforecast,Noforecast,Noforecast
2020,Qtr 4,December,6,216.68,Noforecast,Noforecast,Noforecast
2020,Qtr 4,December,7,4352.514,Noforecast,Noforecast,Noforecast
2020,Qtr 4,December,8,7723.041,Noforecast,Noforecast,Noforecast
2020,Qtr 4,December,9,9629.39,Noforecast,Noforecast,Noforecast
2020,Qtr 4,December,10,8156.559,Noforecast,Noforecast,Noforecast
2020,Qtr 4,December,11,9212.965,Noforecast,Noforecast,Noforecast
2020,Qtr 4,December,13,2257.936,Noforecast,Noforecast,Noforecast
2020,Qtr 4,December,14,6219.714,Noforecast,Noforecast,Noforecast
2020,Qtr 4,December,15,3059.888,Noforecast,Noforecast,Noforecast
2020,Qtr 4,December,16,5077.702,Noforecast,Noforecast,Noforecast
2020,Qtr 4,December,17,7537.758,Noforecast,Noforecast,Noforecast
2020,Qtr 4,December,18,10588.911,Noforecast,Noforecast,Noforecast
2020,Qtr 4,December,19,3981.926,Noforecast,Noforecast,Noforecast
2020,Qtr 4,December,20,4915.736,Noforecast,Noforecast,Noforecast
2020,Qtr 4,December,21,5207.94,Noforecast,Noforecast,Noforecast
2020,Qtr 4,December,22,7820.041,Noforecast,Noforecast,Noforecast
2020,Qtr 4,December,23,7597.776,Noforecast,Noforecast,Noforecast
2020,Qtr 4,December,24,8057.054,Noforecast,Noforecast,Noforecast
2020,Qtr 4,December,25,9721.927,Noforecast,Noforecast,Noforecast
2020,Qtr 4,December,26,1966.594,Noforecast,Noforecast,Noforecast
2020,Qtr 4,December,27,2195.636,Noforecast,Noforecast,Noforecast
2020,Qtr 4,December,28,6555.3508,Noforecast,Noforecast,Noforecast
2020,Qtr 4,December,29,3763.534,Noforecast,Noforecast,Noforecast
2020,Qtr 4,December,30,2807.79,Noforecast,Noforecast,Noforecast
2020,Qtr 4,December,31,2975.51,2975.5,2975.5,2975.5
2021,Qtr 1,January,1,9222.2,5262.6,9222.2,1302.9
2021,Qtr 1,January,2,7985.6,4026,7985.6,66.3
2021,Qtr 1,January,3,6873.7,2914,6873.7,'-1045.651689257354
2021,Qtr 1,January,4,7636,3676.3,7636,'-283.459138355111
2021,Qtr 1,January,5,6974.2,3014.4,6974.2,'-945.3903281026423
2021,Qtr 1,January,6,7385.9,3425.9,7385.9,'-533.9670770937328
2021,Qtr 1,January,7,6396.6,2436.5,6396.6,'-1523.5023309238322
2021,Qtr 1,January,8,6256.3,2296.1,6256.3,'-1664.0796404252533
2021,Qtr 1,January,9,6206.1,2245.7,6206.1,'-1714.710832188934
2021,Qtr 1,January,10,6944.7,2984.1,6944.7,'-976.5809831500155
2021,Qtr 1,January,11,7984.6,4023.7,7984.6,62.8
2021,Qtr 1,January,12,9473.7,5512.4,9473.7,1551.2
2021,Qtr 1,January,13,6597.5,2635.9,6597.5,'-1325.7626019425725
2021,Qtr 1,January,14,7919.9,3957.8,7919.9,'-4.267411610044746
2021,Qtr 1,January,15,7662,3699.4,7662,'-263.2370291301954
